,Date,Open,High,Low,Close*,Adj Close**,Volume
0,"May 06, 2022",94.34,98.18,92.65,95.34,95.34,144211500
1,"May 05, 2022",97.65,97.84,92.17,93.87,93.87,153129800
2,"May 04, 2022",98.18,99.69,91.70,99.42,99.42,225394100
3,"May 03, 2022",89.85,92.21,89.01,91.13,91.13,126381800
4,"May 02, 2022",85.66,90.37,85.32,89.84,89.84,98304100
5,"Apr 29, 2022",88.05,91.79,85.38,85.52,85.52,82568500
6,"Apr 28, 2022",86.67,90.58,84.78,89.64,89.64,91495400
7,"Apr 27, 2022",84.25,87.90,84.02,84.91,84.91,83125100
8,"Apr 26, 2022",89.74,90.12,85.08,85.16,85.16,89127400
9,"Apr 25, 2022",89.86,91.37,88.61,90.69,90.69,93481000
10,"Apr 22, 2022",90.03,91.46,87.94,88.14,88.14,75017700
11,"Apr 21, 2022",95.16,96.23,89.24,89.85,89.85,76680600
12,"Apr 20, 2022",97.84,97.91,93.20,94.02,94.02,62489000
13,"Apr 19, 2022",93.39,97.07,92.84,96.93,96.93,77069500
14,"Apr 18, 2022",92.03,95.16,91.64,93.89,93.89,80605800
15,"Apr 14, 2022",98.37,98.39,92.92,93.06,93.06,73354400
16,"Apr 13, 2022",95.30,98.33,94.71,97.74,97.74,77728400
17,"Apr 12, 2022",98.78,99.59,94.60,95.10,95.10,89246400
18,"Apr 11, 2022",98.60,98.67,95.94,97.37,97.37,95527700
19,"Apr 08, 2022",102.51,102.99,100.42,101.00,101.00,92746700
20,"Apr 07, 2022",103.92,105.24,100.91,103.72,103.72,91895500
21,"Apr 06, 2022",104.45,105.74,101.71,103.67,103.67,105256600
22,"Apr 05, 2022",109.69,110.48,106.05,106.82,106.82,79532000
23,"Apr 04, 2022",109.97,110.94,107.03,110.53,110.53,90123900
24,"Apr 01, 2022",110.48,111.42,106.10,108.19,108.19,111867100
25,"Mar 31, 2022",116.31,116.38,109.02,109.34,109.34,147004800
26,"Mar 30, 2022",123.04,125.67,118.59,119.22,119.22,99476900
27,"Mar 29, 2022",122.28,123.71,119.59,123.23,123.23,94143000
28,"Mar 28, 2022",117.70,120.41,116.71,120.24,120.24,92966100
29,"Mar 25, 2022",119.92,121.40,117.25,119.67,119.67,95852400
30,"Mar 24, 2022",114.96,120.55,113.71,120.53,120.53,121961300
31,"Mar 23, 2022",114.29,117.55,112.21,113.92,113.92,90579200
32,"Mar 22, 2022",115.43,117.95,113.81,114.78,114.78,101672600
33,"Mar 21, 2022",113.73,117.57,112.54,115.92,115.92,101905900
34,"Mar 18, 2022",111.28,114.93,110.55,113.46,113.46,105834800
35,"Mar 17, 2022",112.14,114.27,109.71,111.69,111.69,103201700
36,"Mar 16, 2022",111.60,115.42,109.89,115.37,115.37,113689800
37,"Mar 15, 2022",102.66,109.69,101.79,109.33,109.33,112425500
38,"Mar 14, 2022",102.99,105.24,101.04,102.25,102.25,89731700
39,"Mar 11, 2022",108.13,108.19,104.08,104.29,104.29,87584400
40,"Mar 10, 2022",108.89,109.07,103.07,106.46,106.46,102557400
41,"Mar 09, 2022",108.41,111.71,106.85,111.05,111.05,102310300
42,"Mar 08, 2022",102.81,109.90,100.08,105.53,105.53,135348300
43,"Mar 07, 2022",108.53,109.53,102.82,102.95,102.95,92600000
44,"Mar 04, 2022",112.00,113.00,106.81,108.41,108.41,100609400
45,"Mar 03, 2022",118.13,118.26,111.05,111.98,111.98,123916700
46,"Mar 02, 2022",115.47,119.48,113.31,118.28,118.28,118354500
47,"Mar 01, 2022",122.33,122.43,112.80,113.83,113.83,126552200
48,"Feb 28, 2022",120.31,124.61,119.20,123.34,123.34,124666100
49,"Feb 25, 2022",117.16,121.23,116.04,121.06,121.06,127821000
50,"Feb 24, 2022",104.56,116.96,104.26,116.61,116.61,142956600
51,"Feb 23, 2022",117.40,118.65,109.04,109.76,109.76,120299400
52,"Feb 22, 2022",115.27,119.20,113.61,115.65,115.65,141648500
53,"Feb 18, 2022",113.90,115.64,109.89,113.83,113.83,114321200
54,"Feb 17, 2022",116.26,116.98,112.26,112.37,112.37,98179600
55,"Feb 16, 2022",119.05,119.54,114.22,117.69,117.69,119109600
56,"Feb 15, 2022",117.19,121.88,114.36,121.47,121.47,143975900
57,"Feb 14, 2022",115.51,118.37,113.46,114.27,114.27,135146400
58,"Feb 11, 2022",126.14,127.17,111.81,113.18,113.18,164723200
59,"Feb 10, 2022",128.84,131.76,124.61,125.77,125.77,108939900
60,"Feb 09, 2022",129.60,132.96,127.65,132.85,132.85,92948900
61,"Feb 08, 2022",122.38,128.71,122.05,128.23,128.23,84902800
62,"Feb 07, 2022",123.56,127.63,122.79,123.67,123.67,81672500
63,"Feb 04, 2022",120.34,124.96,118.58,123.60,123.60,86212000
64,"Feb 03, 2022",120.32,125.37,118.82,120.08,120.08,103599500
65,"Feb 02, 2022",129.89,130.06,120.64,122.76,122.76,180065000
66,"Feb 01, 2022",116.75,117.26,112.73,116.78,116.78,122467900
67,"Jan 31, 2022",107.93,114.31,106.90,114.25,114.25,97206000
68,"Jan 28, 2022",101.55,105.40,99.35,105.24,105.24,98749500
69,"Jan 27, 2022",111.96,112.75,101.94,102.60,102.60,125954100
70,"Jan 26, 2022",114.55,117.16,108.63,110.71,110.71,94752600
71,"Jan 25, 2022",114.10,114.82,109.86,111.13,111.13,85102900
72,"Jan 24, 2022",115.40,116.77,107.50,116.53,116.53,116210100
73,"Jan 21, 2022",120.14,125.02,118.39,118.81,118.81,95685300
74,"Jan 20, 2022",126.04,128.51,121.41,121.89,121.89,91157300
75,"Jan 19, 2022",133.55,134.57,128.02,128.27,128.27,69831800
76,"Jan 18, 2022",134.50,136.39,131.59,131.93,131.93,56527400
77,"Jan 14, 2022",131.68,137.00,131.43,136.88,136.88,71078400
78,"Jan 13, 2022",139.44,141.25,131.81,132.74,132.74,76618100
79,"Jan 12, 2022",138.59,140.57,135.77,137.47,137.47,69669600
80,"Jan 11, 2022",133.45,138.99,131.59,137.31,137.31,77153900
81,"Jan 10, 2022",129.08,132.42,125.03,132.00,132.00,84671300
82,"Jan 07, 2022",136.28,137.44,131.13,132.00,132.00,58441100
83,"Jan 06, 2022",136.19,138.00,131.77,136.23,136.23,64802900
84,"Jan 05, 2022",142.82,143.76,135.29,136.15,136.15,65403200
85,"Jan 04, 2022",151.01,152.42,140.70,144.42,144.42,80200500
86,"Jan 03, 2022",145.14,151.65,145.02,150.24,150.24,59396600
87,"Dec 31, 2021",146.16,148.61,143.55,143.90,143.90,49448100
88,"Dec 30, 2021",147.44,148.85,144.85,145.15,145.15,44358000
89,"Dec 29, 2021",152.82,154.34,147.29,148.26,148.26,51300200
90,"Dec 28, 2021",155.88,156.73,151.38,153.15,153.15,58699100
91,"Dec 27, 2021",147.51,154.89,147.25,154.36,154.36,53296400
92,"Dec 23, 2021",143.89,149.02,143.85,146.14,146.14,48653800
93,"Dec 22, 2021",142.65,144.50,140.27,143.88,143.88,46923700
94,"Dec 21, 2021",138.19,144.50,135.15,144.25,144.25,57785200
95,"Dec 20, 2021",135.97,138.26,133.52,135.80,135.80,38195400
96,"Dec 17, 2021",136.30,142.04,136.11,137.75,137.75,55642100
97,"Dec 16, 2021",147.00,147.93,137.02,138.64,138.64,63369600
98,"Dec 15, 2021",135.11,146.69,133.81,146.50,146.50,72425800
99,"Dec 14, 2021",131.67,137.24,130.60,135.60,135.60,50754600
100,"Dec 13, 2021",138.25,139.40,133.42,133.80,133.80,42174000
101,"Dec 10, 2021",141.29,141.37,135.82,138.55,138.55,42224300
102,"Dec 09, 2021",145.16,146.69,137.80,138.10,138.10,53019900
103,"Dec 08, 2021",144.96,147.04,142.70,145.24,145.24,40977500
104,"Dec 07, 2021",143.90,145.76,141.00,144.85,144.85,53359400
105,"Dec 06, 2021",141.14,141.31,134.20,139.06,139.06,66776500
106,"Dec 03, 2021",151.65,152.38,140.72,144.01,144.01,65910000
107,"Dec 02, 2021",147.68,152.53,146.47,150.68,150.68,56161200
108,"Dec 01, 2021",160.37,160.88,148.92,149.11,149.11,64039100
109,"Nov 30, 2021",163.28,164.46,155.68,158.37,158.37,75182500
110,"Nov 29, 2021",157.50,162.51,156.10,161.91,161.91,57438900
111,"Nov 26, 2021",155.80,158.10,152.81,154.81,154.81,36245100
112,"Nov 24, 2021",149.46,157.93,147.19,157.80,157.80,60677100
113,"Nov 23, 2021",150.41,152.66,145.30,149.92,149.92,62852700
114,"Nov 22, 2021",157.14,161.88,152.39,152.52,152.52,58674100
115,"Nov 19, 2021",155.76,156.92,153.45,155.41,155.41,41668900
116,"Nov 18, 2021",157.07,158.89,152.56,155.02,155.02,60612700
117,"Nov 17, 2021",151.98,154.66,149.69,151.34,151.34,54527500
118,"Nov 16, 2021",145.93,153.08,145.34,152.45,152.45,53100800
119,"Nov 15, 2021",148.00,148.98,142.86,146.49,146.49,52271300
120,"Nov 12, 2021",146.03,148.59,144.25,147.89,147.89,52162100
121,"Nov 11, 2021",142.96,146.47,140.84,146.01,146.01,67934800
122,"Nov 10, 2021",143.93,146.30,138.52,139.87,139.87,82989200
123,"Nov 09, 2021",154.01,155.65,143.89,148.92,148.92,98442600
124,"Nov 08, 2021",137.70,153.60,137.70,150.16,150.16,141493800
125,"Nov 05, 2021",139.19,141.22,134.42,136.34,136.34,64920600
126,"Nov 04, 2021",132.01,139.00,130.77,137.50,137.50,84825200
127,"Nov 03, 2021",127.75,130.60,126.79,130.53,130.53,59537800
128,"Nov 02, 2021",124.98,128.46,124.20,127.63,127.63,53491900
129,"Nov 01, 2021",119.45,125.67,118.13,125.23,125.23,54559800
130,"Oct 29, 2021",120.95,122.57,119.88,120.23,120.23,43320100
131,"Oct 28, 2021",122.86,123.50,120.26,121.16,121.16,58002500
132,"Oct 27, 2021",121.63,128.08,121.05,122.28,122.28,98245300
133,"Oct 26, 2021",122.99,127.20,122.58,122.93,122.93,59458900
134,"Oct 25, 2021",120.52,123.46,118.60,122.36,122.36,47834100
135,"Oct 22, 2021",120.83,121.56,118.37,119.82,119.82,38992700
136,"Oct 21, 2021",116.50,119.68,116.26,119.33,119.33,34794900
137,"Oct 20, 2021",116.29,118.30,115.42,116.39,116.39,34244800
138,"Oct 19, 2021",116.16,117.17,114.47,116.33,116.33,39593900
139,"Oct 18, 2021",111.90,116.88,111.37,116.43,116.43,47537800
140,"Oct 15, 2021",112.51,112.84,111.11,112.12,112.12,34203000
141,"Oct 14, 2021",110.50,112.22,109.63,111.99,111.99,46900200
142,"Oct 13, 2021",106.28,109.88,106.25,109.16,109.16,55631900
143,"Oct 12, 2021",105.17,106.04,104.34,105.04,105.04,34039900
144,"Oct 11, 2021",104.62,107.20,104.02,104.68,104.68,31284400
145,"Oct 08, 2021",106.55,107.28,104.89,105.06,105.06,30623000
146,"Oct 07, 2021",104.60,107.95,104.46,106.45,106.45,41543100
147,"Oct 06, 2021",100.45,103.72,100.35,103.64,103.64,39071700
148,"Oct 05, 2021",100.92,102.87,100.61,101.81,101.81,31455200
149,"Oct 04, 2021",101.74,101.85,99.82,100.34,100.34,41967100
150,"Oct 01, 2021",102.60,103.00,100.64,102.45,102.45,41491600
151,"Sep 30, 2021",102.08,104.44,101.99,102.90,102.90,57636700
152,"Sep 29, 2021",102.30,102.66,99.81,100.35,100.35,52224700
153,"Sep 28, 2021",106.84,107.65,101.42,101.52,101.52,74469000
154,"Sep 27, 2021",105.07,108.44,103.44,108.16,108.16,51944300
155,"Sep 24, 2021",105.19,106.05,104.68,105.80,105.80,26482600
156,"Sep 23, 2021",104.89,106.86,103.89,106.15,106.15,32816700
157,"Sep 22, 2021",102.82,104.56,102.21,104.38,104.38,34126300
158,"Sep 21, 2021",102.15,103.43,101.18,102.82,102.82,35481500
159,"Sep 20, 2021",101.58,102.51,99.51,101.55,101.55,45228400
160,"Sep 17, 2021",105.56,105.98,103.71,103.88,103.88,44528300
161,"Sep 16, 2021",104.92,106.75,103.76,106.22,106.22,38150300
162,"Sep 15, 2021",106.00,106.32,104.03,105.60,105.60,37998900
163,"Sep 14, 2021",105.52,106.82,104.42,105.73,105.73,40629500
164,"Sep 13, 2021",105.26,105.28,102.63,104.80,104.80,37767800
165,"Sep 10, 2021",106.99,106.99,104.98,105.20,105.20,32602300
166,"Sep 09, 2021",106.56,107.30,105.84,106.15,106.15,31857900
167,"Sep 08, 2021",108.88,109.30,105.52,106.17,106.17,43067900
168,"Sep 07, 2021",109.96,110.58,108.66,109.15,109.15,28815200
169,"Sep 03, 2021",108.85,111.17,108.50,109.92,109.92,42605800
170,"Sep 02, 2021",110.32,110.88,108.77,109.20,109.20,40090500
171,"Sep 01, 2021",111.30,111.85,109.85,109.99,109.99,38579600
172,"Aug 31, 2021",111.26,111.26,109.03,110.72,110.72,49339000
173,"Aug 30, 2021",112.61,114.49,111.26,111.32,111.32,56130500
174,"Aug 27, 2021",108.01,111.78,107.80,111.40,111.40,61030000
175,"Aug 26, 2021",108.57,109.23,106.84,107.27,107.27,51442500
176,"Aug 25, 2021",108.13,109.91,107.45,108.30,108.30,45485500
177,"Aug 24, 2021",109.45,109.61,107.28,107.65,107.65,51239300
178,"Aug 23, 2021",105.30,109.02,104.86,108.77,108.77,68835300
179,"Aug 20, 2021",104.32,105.98,103.99,104.65,104.65,55227600
180,"Aug 19, 2021",103.32,106.18,101.98,103.70,103.70,71117500
181,"Aug 18, 2021",107.35,108.07,103.27,103.44,103.44,79387900
182,"Aug 17, 2021",106.64,108.70,105.35,107.56,107.56,74053900
183,"Aug 16, 2021",110.20,111.58,105.87,107.48,107.48,73325400
184,"Aug 13, 2021",107.17,111.71,106.57,110.55,110.55,100135700
185,"Aug 12, 2021",107.39,108.44,105.86,106.50,106.50,60578700
186,"Aug 11, 2021",107.60,109.79,105.62,107.68,107.68,91788300
187,"Aug 10, 2021",107.90,109.17,104.36,106.48,106.48,113012300
188,"Aug 09, 2021",111.31,112.33,107.06,107.58,107.58,115749900
189,"Aug 06, 2021",110.55,116.26,109.70,110.11,110.11,143899000
190,"Aug 05, 2021",116.63,117.68,111.59,112.35,112.35,137860900
191,"Aug 04, 2021",114.36,122.49,114.16,118.77,118.77,225368700
192,"Aug 03, 2021",108.15,114.85,107.66,112.56,112.56,157723100
193,"Aug 02, 2021",105.93,110.33,103.83,108.63,108.63,115581900
194,"Jul 30, 2021",101.60,106.97,101.38,106.19,106.19,125632000
195,"Jul 29, 2021",96.58,105.74,96.58,102.95,102.95,164091800
196,"Jul 28, 2021",93.44,98.71,89.65,97.93,97.93,140561000
197,"Jul 27, 2021",92.94,94.10,89.10,91.03,91.03,69427000
198,"Jul 26, 2021",92.01,92.75,91.12,91.82,91.82,27668500
199,"Jul 23, 2021",91.35,92.37,90.19,92.15,92.15,31708900
200,"Jul 22, 2021",89.40,91.36,89.08,91.21,91.21,33730100
201,"Jul 21, 2021",87.25,89.49,86.90,89.41,89.41,29469900
202,"Jul 20, 2021",87.09,87.77,85.17,87.11,87.11,28089000
203,"Jul 19, 2021",84.99,87.23,84.24,86.58,86.58,39244800
204,"Jul 16, 2021",87.32,88.03,85.68,85.89,85.89,35860700
205,"Jul 15, 2021",89.78,89.78,86.18,86.93,86.93,38944700
206,"Jul 14, 2021",90.76,91.40,88.94,89.05,89.05,28108500
207,"Jul 13, 2021",90.48,91.41,89.83,90.26,90.26,30367600
208,"Jul 12, 2021",91.22,91.90,89.65,90.81,90.81,28526600
209,"Jul 09, 2021",90.04,91.26,88.53,90.90,90.90,35278400
210,"Jul 08, 2021",87.86,90.34,87.45,89.74,89.74,45673500
211,"Jul 07, 2021",95.02,95.44,90.31,90.54,90.54,51498500
212,"Jul 06, 2021",94.88,95.41,93.32,94.47,94.47,44930100
213,"Jul 02, 2021",93.28,95.27,92.21,94.70,94.70,51316700
214,"Jul 01, 2021",94.04,94.18,91.70,93.31,93.31,58059000
215,"Jun 30, 2021",90.82,94.34,90.60,93.93,93.93,70721500
216,"Jun 29, 2021",87.41,90.30,86.66,89.52,89.52,46181000
217,"Jun 28, 2021",86.38,88.00,86.15,87.08,87.08,30262000
218,"Jun 25, 2021",86.34,86.36,85.10,85.62,85.62,27804500
219,"Jun 24, 2021",84.39,87.14,84.37,86.10,86.10,42217700
220,"Jun 23, 2021",83.83,84.49,83.16,83.82,83.82,25992400
221,"Jun 22, 2021",82.90,84.04,82.48,83.58,83.58,32107700
222,"Jun 21, 2021",83.49,84.19,82.21,82.59,82.59,44417100
223,"Jun 18, 2021",84.28,85.77,83.48,84.65,84.65,58736800
224,"Jun 17, 2021",80.77,85.37,80.57,84.56,84.56,77822800
225,"Jun 16, 2021",80.75,81.45,78.96,80.11,80.11,29598300
226,"Jun 15, 2021",81.59,81.68,80.22,80.47,80.47,26194300
227,"Jun 14, 2021",81.51,81.55,80.20,81.55,81.55,27830200
228,"Jun 11, 2021",81.61,82.33,80.70,81.31,81.31,24310900
229,"Jun 10, 2021",80.02,81.71,79.70,81.56,81.56,28606400
230,"Jun 09, 2021",81.09,81.68,79.80,79.96,79.96,28454600
231,"Jun 08, 2021",81.87,82.65,80.45,80.89,80.89,26956600
232,"Jun 07, 2021",81.40,81.68,80.38,81.35,81.35,29006800
233,"Jun 04, 2021",80.92,82.19,80.81,81.58,81.58,26387800
234,"Jun 03, 2021",81.13,81.89,80.26,80.28,80.28,29812000
235,"Jun 02, 2021",81.00,82.60,80.66,81.97,81.97,35203200
236,"Jun 01, 2021",81.01,82.91,80.66,80.81,80.81,43433000
237,"May 28, 2021",78.66,81.09,78.66,80.08,80.08,40952700
238,"May 27, 2021",78.11,78.43,77.47,78.42,78.42,35883200
239,"May 26, 2021",77.83,78.59,77.59,78.34,78.34,30354000
240,"May 25, 2021",77.33,78.77,76.84,77.86,77.86,47353100
241,"May 24, 2021",77.26,78.01,76.80,77.44,77.44,33194300
242,"May 21, 2021",78.55,78.81,77.04,77.17,77.17,40201100
243,"May 20, 2021",76.81,78.27,76.25,78.06,78.06,49135000
244,"May 19, 2021",73.16,76.97,72.76,76.23,76.23,73966200
245,"May 18, 2021",74.74,75.77,74.24,74.44,74.44,31982500
246,"May 17, 2021",74.22,75.52,73.41,74.65,74.65,40779200
247,"May 14, 2021",74.02,75.03,72.72,74.59,74.59,38355800
248,"May 13, 2021",75.21,75.70,72.50,73.09,73.09,48646800
249,"May 12, 2021",75.09,76.13,74.16,74.64,74.64,42531400
250,"May 11, 2021",73.57,76.93,72.75,76.83,76.83,51008200
251,"May 10, 2021",78.20,78.30,75.92,75.99,75.99,45134500
252,"May 07, 2021",78.75,79.57,78.22,78.81,78.81,36954200
253,"May 06, 2021",77.63,78.06,76.47,77.89,77.89,38661300
254,"May 05, 2021",79.05,79.30,77.36,77.83,77.83,42310200
255,"May 04, 2021",77.95,78.67,77.04,78.61,78.61,59194300
256,"May 03, 2021",81.97,82.00,78.46,78.55,78.55,66323300
257,"Apr 30, 2021",82.97,84.10,81.42,81.62,81.62,46601900
258,"Apr 29, 2021",84.70,85.27,82.63,83.91,83.91,51294500
259,"Apr 28, 2021",88.85,89.20,83.92,84.02,84.02,108920300
260,"Apr 27, 2021",85.67,87.15,85.13,85.21,85.21,61909900
261,"Apr 26, 2021",83.35,85.90,82.70,85.41,85.41,57594500
262,"Apr 23, 2021",80.21,83.30,79.96,82.76,82.76,49194000
263,"Apr 22, 2021",81.61,81.79,78.59,79.06,79.06,38846100
264,"Apr 21, 2021",78.99,81.66,78.86,81.61,81.61,35069000
265,"Apr 20, 2021",80.82,81.11,78.51,79.27,79.27,34977800
266,"Apr 19, 2021",82.13,83.18,80.39,81.11,81.11,39115500
267,"Apr 16, 2021",83.30,83.59,81.53,82.15,82.15,47280600
268,"Apr 15, 2021",80.32,83.95,79.97,83.01,83.01,68942800
269,"Apr 14, 2021",79.88,80.13,77.94,78.55,78.55,34263800
270,"Apr 13, 2021",79.67,80.72,78.98,80.19,80.19,37767300
271,"Apr 12, 2021",82.06,82.18,78.03,78.58,78.58,62098800
272,"Apr 09, 2021",82.80,83.59,82.16,82.76,82.76,32759900
273,"Apr 08, 2021",83.32,83.79,82.44,83.35,83.35,41925300
274,"Apr 07, 2021",81.32,83.10,80.35,82.20,82.20,35590900
275,"Apr 06, 2021",81.21,82.46,80.88,81.44,81.44,29327900
276,"Apr 05, 2021",81.74,81.90,80.39,81.43,81.43,32610600
277,"Apr 01, 2021",80.16,81.31,79.48,81.09,81.09,40182400
278,"Mar 31, 2021",76.57,79.13,76.52,78.50,78.50,43659500
279,"Mar 30, 2021",76.47,76.56,74.85,76.00,76.00,39169300
280,"Mar 29, 2021",77.03,78.02,76.26,77.14,77.14,37144300
281,"Mar 26, 2021",76.62,77.50,75.03,77.41,77.41,49148700
282,"Mar 25, 2021",75.85,76.95,74.96,76.22,76.22,44735100
283,"Mar 24, 2021",77.55,78.80,76.40,76.48,76.48,43753600
284,"Mar 23, 2021",80.13,80.34,77.95,78.38,78.38,40466600
285,"Mar 22, 2021",79.99,81.27,79.22,80.30,80.30,39648600
286,"Mar 19, 2021",78.49,79.34,77.59,79.06,79.06,42283400
287,"Mar 18, 2021",81.06,81.62,78.01,78.12,78.12,51036500
288,"Mar 17, 2021",81.75,83.25,80.41,82.63,82.63,43320600
289,"Mar 16, 2021",83.66,84.75,82.26,82.75,82.75,42971600
290,"Mar 15, 2021",81.91,83.39,81.20,82.50,82.50,39086800
291,"Mar 12, 2021",79.73,81.19,79.23,81.05,81.05,32938000
292,"Mar 11, 2021",79.40,81.89,79.37,81.23,81.23,43583700
293,"Mar 10, 2021",79.75,80.04,77.41,77.52,77.52,45416600
294,"Mar 09, 2021",76.73,79.22,75.77,78.53,78.53,45088300
295,"Mar 08, 2021",78.03,79.00,73.86,73.96,73.96,54563900
296,"Mar 05, 2021",79.00,79.48,74.20,78.52,78.52,58548900
297,"Mar 04, 2021",80.23,81.81,76.78,77.75,77.75,60549400
298,"Mar 03, 2021",84.28,84.38,80.85,80.86,80.86,43541000
299,"Mar 02, 2021",86.92,86.95,84.04,84.13,84.13,34828200
300,"Mar 01, 2021",85.37,86.50,83.97,86.39,86.39,32746200
301,"Feb 26, 2021",83.57,85.59,82.91,84.51,84.51,48962900
302,"Feb 25, 2021",86.17,87.09,81.92,82.42,82.42,54625100
303,"Feb 24, 2021",84.33,87.09,82.81,86.94,86.94,40821200
304,"Feb 23, 2021",83.40,85.11,79.36,84.74,84.74,49720900
305,"Feb 22, 2021",88.15,88.30,85.21,85.37,85.37,36930200
306,"Feb 19, 2021",89.75,90.42,88.69,89.58,89.58,29548300
307,"Feb 18, 2021",89.09,89.60,87.31,88.64,88.64,35624900
308,"Feb 17, 2021",90.56,90.96,88.57,89.94,89.94,32245500
309,"Feb 16, 2021",93.90,94.00,90.75,91.46,91.46,35105900
310,"Feb 12, 2021",92.75,94.22,91.90,93.77,93.77,38538400
311,"Feb 11, 2021",92.90,93.65,91.33,92.66,92.66,35571000
312,"Feb 10, 2021",91.50,93.27,90.46,92.35,92.35,42441300
313,"Feb 09, 2021",91.39,93.30,90.55,90.91,90.91,37596400
314,"Feb 08, 2021",88.31,91.99,87.98,91.47,91.47,47639900
315,"Feb 05, 2021",88.15,88.36,86.88,87.90,87.90,30268700
316,"Feb 04, 2021",88.22,88.60,87.06,87.84,87.84,30791600
317,"Feb 03, 2021",88.60,89.48,87.34,87.89,87.89,32312900
318,"Feb 02, 2021",88.49,89.28,86.95,88.86,88.86,33850000
319,"Feb 01, 2021",86.83,87.95,84.66,87.66,87.66,42359300
320,"Jan 29, 2021",87.56,88.33,85.02,85.64,85.64,56735800
321,"Jan 28, 2021",89.83,89.88,87.30,87.52,87.52,47048400
322,"Jan 27, 2021",91.10,91.88,86.22,88.84,88.84,73341200
323,"Jan 26, 2021",94.91,95.72,93.63,94.71,94.71,59449100
324,"Jan 25, 2021",94.14,95.74,91.40,94.13,94.13,55086900
325,"Jan 22, 2021",94.42,95.95,91.88,92.79,92.79,71294700
326,"Jan 21, 2021",89.34,92.07,88.43,91.53,91.53,54221900
327,"Jan 20, 2021",90.55,90.78,88.60,88.75,88.75,35185800
328,"Jan 19, 2021",89.56,89.58,87.24,89.45,89.45,45115100
329,"Jan 15, 2021",90.75,91.59,87.86,88.21,88.21,49340300
330,"Jan 14, 2021",91.77,92.36,90.45,90.79,90.79,53408200
331,"Jan 13, 2021",93.01,93.89,90.84,91.78,91.78,60712900
332,"Jan 12, 2021",97.86,98.97,94.07,95.36,95.36,67672300
333,"Jan 11, 2021",94.03,99.23,93.76,97.25,97.25,48600200
334,"Jan 08, 2021",95.98,96.40,93.27,94.58,94.58,39816400
335,"Jan 07, 2021",91.33,95.51,91.20,95.16,95.16,42897200
336,"Jan 06, 2021",91.62,92.28,89.46,90.33,90.33,51911700
337,"Jan 05, 2021",92.10,93.21,91.41,92.77,92.77,34208000
338,"Jan 04, 2021",92.11,96.06,90.92,92.30,92.30,51802600
339,"Dec 31, 2020",92.10,92.30,90.87,91.71,91.71,24930700
340,"Dec 30, 2020",90.78,92.85,90.19,92.29,92.29,25845000
341,"Dec 29, 2020",91.66,92.46,89.43,90.62,90.62,31748200
342,"Dec 28, 2020",92.93,93.14,90.82,91.60,91.60,30627300
343,"Dec 24, 2020",91.80,92.51,91.31,91.81,91.81,16705900
344,"Dec 23, 2020",93.08,93.13,91.46,91.55,91.55,25993300
345,"Dec 22, 2020",93.36,93.55,90.53,93.16,93.16,35673700
346,"Dec 21, 2020",94.25,95.28,91.08,93.23,93.23,47093900
347,"Dec 18, 2020",97.27,97.68,93.56,95.92,95.92,51823100
348,"Dec 17, 2020",97.55,97.92,96.25,96.84,96.84,32023700
349,"Dec 16, 2020",97.04,97.27,95.46,96.85,96.85,34909000
350,"Dec 15, 2020",95.93,97.98,95.45,97.12,97.12,57232700
351,"Dec 14, 2020",92.21,95.41,91.85,94.78,94.78,48026400
352,"Dec 11, 2020",91.54,92.33,90.16,91.65,91.65,28368100
353,"Dec 10, 2020",89.55,92.09,89.03,91.66,91.66,33804400
354,"Dec 09, 2020",92.76,94.70,89.16,89.83,89.83,52170400
355,"Dec 08, 2020",94.05,94.74,91.90,92.92,92.92,33907500
356,"Dec 07, 2020",94.95,95.00,92.97,94.07,94.07,39815700
357,"Dec 04, 2020",92.58,94.58,90.63,94.04,94.04,45570300
358,"Dec 03, 2020",94.06,94.70,92.01,92.31,92.31,35859700
359,"Dec 02, 2020",92.89,96.37,92.53,93.74,93.74,57988800
360,"Dec 01, 2020",92.25,93.90,90.78,92.63,92.63,58583600
361,"Nov 30, 2020",87.33,92.74,86.53,92.66,92.66,84483000
362,"Nov 27, 2020",87.99,88.00,86.36,87.19,87.19,22717600
363,"Nov 25, 2020",85.76,87.84,85.52,86.71,86.71,41349700
364,"Nov 24, 2020",85.72,86.11,83.32,85.07,85.07,36839200
365,"Nov 23, 2020",85.52,87.54,84.62,85.31,85.31,46505000
366,"Nov 20, 2020",85.28,86.10,84.47,84.64,84.64,35008400
367,"Nov 19, 2020",82.39,85.64,81.72,85.54,85.54,50116800
368,"Nov 18, 2020",83.01,83.96,82.22,82.54,82.54,29968000
369,"Nov 17, 2020",83.93,84.81,82.91,83.36,83.36,29473500
370,"Nov 16, 2020",81.21,83.78,80.48,83.73,83.73,38640800
371,"Nov 13, 2020",82.73,83.11,80.70,81.43,81.43,30423200
372,"Nov 12, 2020",81.32,83.00,80.30,81.84,81.84,37242600
373,"Nov 11, 2020",79.39,81.47,78.97,81.28,81.28,44611300
374,"Nov 10, 2020",81.93,82.13,77.63,77.99,77.99,67137200
375,"Nov 09, 2020",84.24,87.05,82.77,83.12,83.12,58580700
376,"Nov 06, 2020",83.52,86.09,82.67,85.88,85.88,53829900
377,"Nov 05, 2020",83.27,83.50,81.85,83.00,83.00,46542300
378,"Nov 04, 2020",80.25,81.85,78.97,81.35,81.35,66579700
379,"Nov 03, 2020",74.93,77.08,74.60,76.58,76.58,41231800
380,"Nov 02, 2020",75.85,76.34,73.76,74.70,74.70,45760700
381,"Oct 30, 2020",77.09,77.70,74.23,75.29,75.29,51349000
382,"Oct 29, 2020",76.75,79.18,76.29,78.02,78.02,52784100
383,"Oct 28, 2020",78.73,78.96,75.76,76.40,76.40,76529900
384,"Oct 27, 2020",82.00,82.37,77.57,78.88,78.88,156669500
385,"Oct 26, 2020",82.55,84.97,80.86,82.23,82.23,69423700
386,"Oct 23, 2020",80.93,81.99,79.33,81.96,81.96,46557700
387,"Oct 22, 2020",79.65,80.82,78.42,79.42,79.42,38006800
388,"Oct 21, 2020",81.72,81.93,79.19,79.20,79.20,36426400
389,"Oct 20, 2020",82.16,82.69,80.58,81.56,81.56,38219400
390,"Oct 19, 2020",83.62,84.65,81.53,82.00,82.00,36689100
391,"Oct 16, 2020",83.54,83.99,82.41,83.17,83.17,31474300
392,"Oct 15, 2020",83.40,84.72,82.42,83.13,83.13,33696400
393,"Oct 14, 2020",85.86,85.96,83.46,84.21,84.21,40403000
394,"Oct 13, 2020",84.86,86.09,83.97,85.28,85.28,42764100
395,"Oct 12, 2020",83.65,85.13,83.12,84.29,84.29,47669700
396,"Oct 09, 2020",84.74,85.75,82.35,83.10,83.10,80354400
397,"Oct 08, 2020",88.11,88.72,85.95,86.51,86.51,54240700
398,"Oct 07, 2020",86.10,87.79,85.65,86.69,86.69,43045700
399,"Oct 06, 2020",86.21,87.25,83.54,84.48,84.48,52725400
400,"Oct 05, 2020",82.55,86.28,82.55,86.15,86.15,47056500
401,"Oct 02, 2020",82.58,84.65,81.66,81.80,81.80,52855100
402,"Oct 01, 2020",83.06,85.25,82.86,84.86,84.86,52177100
403,"Sep 30, 2020",81.75,82.94,80.66,81.99,81.99,51533700
404,"Sep 29, 2020",79.30,82.55,79.30,81.77,81.77,61568900
405,"Sep 28, 2020",79.12,79.57,77.52,79.48,79.48,48005500
406,"Sep 25, 2020",76.35,78.20,74.67,78.06,78.06,48206200
407,"Sep 24, 2020",74.54,77.25,73.90,75.82,75.82,57540900
408,"Sep 23, 2020",77.39,77.91,74.34,74.73,74.73,42327500
409,"Sep 22, 2020",78.36,78.79,75.27,77.70,77.70,56044700
410,"Sep 21, 2020",74.23,77.98,73.88,77.94,77.94,61312000
411,"Sep 18, 2020",77.00,77.40,73.85,74.93,74.93,51082900
412,"Sep 17, 2020",74.88,76.63,74.20,76.55,76.55,55619100
413,"Sep 16, 2020",79.35,79.72,76.54,76.66,76.66,38393500
414,"Sep 15, 2020",77.66,80.33,75.97,78.93,78.93,57874400
415,"Sep 14, 2020",76.80,78.82,76.26,77.90,77.90,47448700
416,"Sep 11, 2020",79.82,79.99,75.04,76.34,76.34,54763000
417,"Sep 10, 2020",83.07,83.31,78.38,78.98,78.98,51499400
418,"Sep 09, 2020",81.40,82.44,79.28,81.91,81.91,54163900
419,"Sep 08, 2020",78.05,81.88,78.00,78.69,78.69,54955700
420,"Sep 04, 2020",81.45,84.39,76.33,82.01,82.01,82267800
421,"Sep 03, 2020",87.84,88.47,81.59,82.54,82.54,87462700
422,"Sep 02, 2020",94.01,94.28,88.74,90.22,90.22,50366900
423,"Sep 01, 2020",91.92,92.51,90.19,92.18,92.18,55825600
424,"Aug 31, 2020",85.05,92.64,85.05,90.82,90.82,90655900
425,"Aug 28, 2020",84.30,86.04,84.19,85.55,85.55,40723300
426,"Aug 27, 2020",86.35,86.58,82.94,83.80,83.80,42194200
427,"Aug 26, 2020",86.97,87.72,85.20,86.02,86.02,47157300
428,"Aug 25, 2020",83.36,86.62,82.35,86.35,86.35,49234400
429,"Aug 24, 2020",84.55,85.33,82.55,83.08,83.08,38036100
430,"Aug 21, 2020",83.29,84.41,82.23,83.81,83.81,48280300
431,"Aug 20, 2020",79.74,82.84,79.12,82.77,82.77,42948900
432,"Aug 19, 2020",81.78,81.85,80.45,81.09,81.09,37507400
433,"Aug 18, 2020",82.80,82.88,81.03,81.66,81.66,30970500
434,"Aug 17, 2020",82.09,83.06,81.55,82.42,82.42,31450200
435,"Aug 14, 2020",81.81,83.24,80.88,81.30,81.30,42389500
436,"Aug 13, 2020",82.88,84.02,81.54,81.84,81.84,57407400
437,"Aug 12, 2020",78.43,82.88,77.55,82.61,82.61,88513700
438,"Aug 11, 2020",80.71,80.71,76.10,76.88,76.88,77877700
439,"Aug 10, 2020",85.05,85.16,79.32,82.24,82.24,70536100
440,"Aug 07, 2020",86.67,87.29,82.67,84.85,84.85,66543200
441,"Aug 06, 2020",85.49,86.98,84.78,86.71,86.71,53961700
442,"Aug 05, 2020",84.96,86.32,83.32,85.31,85.31,65642600
443,"Aug 04, 2020",78.03,85.81,77.99,85.04,85.04,155676100
444,"Aug 03, 2020",78.19,78.50,77.06,77.67,77.67,42628800
445,"Jul 31, 2020",78.67,78.96,75.36,77.43,77.43,71621600
446,"Jul 30, 2020",75.37,78.96,75.07,78.20,78.20,80286900
447,"Jul 29, 2020",75.50,77.19,73.90,76.09,76.09,132969700
448,"Jul 28, 2020",68.10,69.80,67.02,67.61,67.61,94181400
449,"Jul 27, 2020",69.28,71.63,67.79,68.97,68.97,107918100
450,"Jul 24, 2020",64.18,69.94,64.05,69.40,69.40,205314500
451,"Jul 23, 2020",61.63,62.33,58.63,59.57,59.57,106829100
452,"Jul 22, 2020",57.07,62.00,56.97,61.79,61.79,135159400
453,"Jul 21, 2020",57.81,58.50,56.32,57.00,57.00,44741000
454,"Jul 20, 2020",55.23,57.53,54.83,57.46,57.46,45034300
455,"Jul 17, 2020",55.31,55.81,54.68,55.04,55.04,34710400
456,"Jul 16, 2020",54.68,55.15,53.74,54.92,54.92,36887100
457,"Jul 15, 2020",54.96,55.37,53.59,55.34,55.34,42360300
458,"Jul 14, 2020",53.30,54.86,52.26,54.72,54.72,54890100
459,"Jul 13, 2020",56.68,58.35,53.38,53.59,53.59,57741800
460,"Jul 10, 2020",57.54,58.15,55.51,55.88,55.88,59839700
461,"Jul 09, 2020",53.52,57.58,53.31,57.26,57.26,87216300
462,"Jul 08, 2020",53.01,53.47,52.07,53.43,53.43,35608300
463,"Jul 07, 2020",53.28,54.17,52.86,52.93,52.93,32153100
464,"Jul 06, 2020",52.90,53.52,52.33,53.40,53.40,36769400
465,"Jul 02, 2020",53.03,53.19,52.05,52.34,52.34,29081400
466,"Jul 01, 2020",52.63,52.87,51.60,52.58,52.58,32370900
467,"Jun 30, 2020",51.16,52.77,50.82,52.61,52.61,42275700
468,"Jun 29, 2020",50.15,50.28,48.42,50.28,50.28,49905800
469,"Jun 26, 2020",51.85,51.95,49.45,50.10,50.10,65485700
470,"Jun 25, 2020",52.56,52.70,50.54,51.93,51.93,51129600
471,"Jun 24, 2020",53.94,54.74,51.92,52.39,52.39,53535500
472,"Jun 23, 2020",55.05,55.37,53.87,53.99,53.99,48089000
473,"Jun 22, 2020",54.67,55.17,53.74,54.76,54.76,44704800
474,"Jun 19, 2020",54.41,55.46,53.82,54.23,54.23,52801500
475,"Jun 18, 2020",54.62,55.12,53.65,54.04,54.04,40354700
476,"Jun 17, 2020",54.79,55.82,54.30,54.55,54.55,45146500
477,"Jun 16, 2020",55.72,56.07,53.59,54.46,54.46,50949700
478,"Jun 15, 2020",52.58,54.73,52.41,54.68,54.68,56740700
479,"Jun 12, 2020",55.01,55.60,52.11,53.50,53.50,71189100
480,"Jun 11, 2020",55.94,56.68,52.80,52.83,52.83,78715400
481,"Jun 10, 2020",57.20,59.00,57.03,57.44,57.44,78719400
482,"Jun 09, 2020",52.95,56.46,52.72,56.39,56.39,79919100
483,"Jun 08, 2020",53.30,53.35,52.26,52.97,52.97,39681700
484,"Jun 05, 2020",52.99,53.57,52.08,53.10,53.10,53908300
485,"Jun 04, 2020",52.59,53.74,52.20,52.63,52.63,44869100
486,"Jun 03, 2020",53.60,53.65,52.33,52.73,52.73,46765300
487,"Jun 02, 2020",53.45,53.57,52.01,53.54,53.54,42855200
488,"Jun 01, 2020",53.31,54.11,52.89,53.63,53.63,36864400
489,"May 29, 2020",52.07,53.80,51.85,53.80,53.80,64666700
490,"May 28, 2020",52.25,53.54,51.25,51.74,51.74,53670200
491,"May 27, 2020",53.27,53.28,49.09,52.74,52.74,102414500
492,"May 26, 2020",56.01,56.08,53.02,53.19,53.19,51618900
493,"May 22, 2020",54.77,55.37,53.78,55.17,55.17,43524100
494,"May 21, 2020",56.68,56.72,54.61,54.65,54.65,48496100
495,"May 20, 2020",56.55,56.98,55.63,56.39,56.39,50888200
496,"May 19, 2020",54.39,56.73,54.36,55.47,55.47,60388500
497,"May 18, 2020",54.98,55.25,54.24,54.59,54.59,48569200
498,"May 15, 2020",53.32,54.44,52.86,54.20,54.20,66950900
499,"May 14, 2020",52.10,54.54,51.61,54.51,54.51,73814000
500,"May 13, 2020",54.04,55.22,51.30,52.18,52.18,76824700
501,"May 12, 2020",56.21,56.58,53.75,53.76,53.76,55631100
502,"May 11, 2020",52.90,55.89,52.75,55.74,55.74,68746400
503,"May 08, 2020",52.15,53.27,51.81,53.19,53.19,40686100
504,"May 07, 2020",52.93,52.97,51.62,51.95,51.95,48956600
505,"May 06, 2020",52.42,53.31,51.88,52.16,52.16,48138100
506,"May 05, 2020",53.43,53.51,51.29,52.19,52.19,56560500
507,"May 04, 2020",49.82,52.61,49.73,52.56,52.56,62590600
508,"May 01, 2020",51.07,51.95,49.09,49.88,49.88,69562700
509,"Apr 30, 2020",53.43,54.29,52.03,52.39,52.39,65543900
510,"Apr 29, 2020",54.53,54.86,52.74,53.66,53.66,110800900
511,"Apr 28, 2020",57.16,57.35,55.30,55.51,55.51,80501800
512,"Apr 27, 2020",57.44,58.00,56.25,56.49,56.49,62568100
513,"Apr 24, 2020",55.10,56.78,54.42,56.18,56.18,72761000
514,"Apr 23, 2020",56.65,57.29,55.64,55.90,55.90,69662700
515,"Apr 22, 2020",54.91,56.15,54.34,55.92,55.92,63041600
516,"Apr 21, 2020",56.90,57.73,51.41,52.92,52.92,123906400
517,"Apr 20, 2020",55.98,58.63,55.85,56.97,56.97,72367300
518,"Apr 17, 2020",57.35,57.76,55.55,56.60,56.60,76908800
519,"Apr 16, 2020",55.96,58.08,55.63,56.95,56.95,103106500
520,"Apr 15, 2020",53.73,55.57,53.41,54.99,54.99,83814000
521,"Apr 14, 2020",52.24,55.14,52.11,54.93,54.93,85306800
522,"Apr 13, 2020",48.47,51.07,48.23,50.94,50.94,64290100
523,"Apr 09, 2020",49.65,50.25,47.72,48.38,48.38,80270100
524,"Apr 08, 2020",48.07,49.00,47.61,48.79,48.79,64930800
525,"Apr 07, 2020",48.96,49.65,46.68,47.56,47.56,102098700
526,"Apr 06, 2020",44.30,47.58,44.06,47.52,47.52,82294000
527,"Apr 03, 2020",44.30,44.84,41.70,42.59,42.59,79335000
528,"Apr 02, 2020",43.40,45.28,43.10,44.49,44.49,79024100
529,"Apr 01, 2020",44.18,46.85,43.16,43.66,43.66,92083100
530,"Mar 31, 2020",47.93,48.53,45.16,45.48,45.48,83483700
531,"Mar 30, 2020",47.24,48.46,46.66,47.86,47.86,68486600
532,"Mar 27, 2020",46.32,47.98,45.90,46.58,46.58,74599200
533,"Mar 26, 2020",45.78,47.50,45.40,47.50,47.50,73680200
534,"Mar 25, 2020",46.79,47.88,44.43,44.63,44.63,93760400
535,"Mar 24, 2020",44.04,46.81,43.99,46.22,46.22,106794200
536,"Mar 23, 2020",40.62,42.32,38.95,41.64,41.64,101704700
537,"Mar 20, 2020",41.51,42.48,39.58,39.61,39.61,106859500
538,"Mar 19, 2020",39.56,41.70,37.69,39.82,39.82,88939000
539,"Mar 18, 2020",39.54,41.95,36.75,39.12,39.12,106949300
540,"Mar 17, 2020",40.19,42.88,38.30,41.88,41.88,92741900
541,"Mar 16, 2020",39.08,43.37,38.51,38.71,38.71,84545900
542,"Mar 13, 2020",42.20,43.91,39.60,43.90,43.90,86689700
543,"Mar 12, 2020",42.00,42.50,39.00,39.01,39.01,107461500
544,"Mar 11, 2020",44.19,45.97,43.80,45.70,45.70,101601100
545,"Mar 10, 2020",45.41,45.44,43.10,45.38,45.38,76228200
546,"Mar 09, 2020",43.03,46.34,42.51,43.27,43.27,80859800
547,"Mar 06, 2020",49.44,49.54,46.74,48.59,48.59,124590900
548,"Mar 05, 2020",48.68,49.72,47.51,48.11,48.11,98302700
549,"Mar 04, 2020",48.25,50.14,47.21,50.11,50.11,93311800
550,"Mar 03, 2020",49.03,50.20,45.67,46.75,46.75,141972300
551,"Mar 02, 2020",47.42,47.68,44.66,47.46,47.46,102324700
552,"Feb 28, 2020",41.36,46.15,41.04,45.48,45.48,100331800
553,"Feb 27, 2020",45.38,46.24,42.21,44.01,44.01,106416200
554,"Feb 26, 2020",47.70,49.29,47.07,47.49,47.49,86378400
555,"Feb 25, 2020",51.14,51.24,47.12,47.57,47.57,88699400
556,"Feb 24, 2020",48.18,50.28,47.49,49.12,49.12,86624100
557,"Feb 21, 2020",56.71,56.80,52.89,53.28,53.28,88271100
558,"Feb 20, 2020",58.44,59.02,56.15,57.27,57.27,74203400
559,"Feb 19, 2020",57.99,59.27,57.51,58.90,58.90,58597300
560,"Feb 18, 2020",54.94,58.13,54.84,56.89,56.89,70133200
561,"Feb 14, 2020",55.19,55.40,54.56,55.31,55.31,52365400
562,"Feb 13, 2020",53.43,55.03,53.34,54.53,54.53,51640000
563,"Feb 12, 2020",54.53,54.85,53.53,53.89,53.89,45994900
564,"Feb 11, 2020",53.22,54.48,52.91,53.80,53.80,74719100
565,"Feb 10, 2020",49.47,52.30,49.35,52.26,52.26,60971700
566,"Feb 07, 2020",48.91,50.67,48.64,49.73,49.73,53107600
567,"Feb 06, 2020",48.80,49.39,47.63,49.32,49.32,48670600
568,"Feb 05, 2020",50.29,50.42,49.31,49.84,49.84,42737100
569,"Feb 04, 2020",49.21,49.75,48.61,49.45,49.45,46302100
570,"Feb 03, 2020",46.40,48.10,46.23,48.02,48.02,46983500
571,"Jan 31, 2020",48.40,48.58,46.79,47.00,47.00,60322400
572,"Jan 30, 2020",46.49,48.81,46.13,48.78,48.78,70460200
573,"Jan 29, 2020",47.84,48.07,46.10,47.51,47.51,112349900
574,"Jan 28, 2020",50.03,50.85,49.48,50.53,50.53,62343800
575,"Jan 27, 2020",48.45,49.79,47.90,49.26,49.26,48878600
576,"Jan 24, 2020",52.28,52.81,49.47,50.35,50.35,80004900
577,"Jan 23, 2020",51.34,51.75,50.74,51.71,51.71,40135400
578,"Jan 22, 2020",51.63,51.88,51.20,51.43,51.43,40772200
579,"Jan 21, 2020",50.96,51.81,50.70,51.05,51.05,49095000
580,"Jan 17, 2020",50.20,51.05,49.90,50.93,50.93,57722500
581,"Jan 16, 2020",49.17,50.31,48.99,49.77,49.77,58898900
582,"Jan 15, 2020",48.23,49.08,48.12,48.55,48.55,40199900
583,"Jan 14, 2020",48.64,49.04,47.91,48.21,48.21,38563200
584,"Jan 13, 2020",48.66,48.86,48.24,48.75,48.75,34266800
585,"Jan 10, 2020",49.26,49.29,48.00,48.17,48.17,44133700
586,"Jan 09, 2020",48.94,49.96,48.39,48.97,48.97,76512800
587,"Jan 08, 2020",47.85,48.30,47.14,47.83,47.83,53767000
588,"Jan 07, 2020",49.35,49.39,48.04,48.25,48.25,58061400
589,"Jan 06, 2020",48.02,48.86,47.86,48.39,48.39,47934900
590,"Jan 03, 2020",48.03,49.39,47.54,48.60,48.60,73127400
591,"Jan 02, 2020",46.86,49.25,46.63,49.10,49.10,80331100
592,"Dec 31, 2019",45.07,46.09,44.92,45.86,45.86,31673200
593,"Dec 30, 2019",46.14,46.17,44.66,45.52,45.52,41149700
594,"Dec 27, 2019",46.85,46.88,45.98,46.18,46.18,36581300
595,"Dec 26, 2019",46.99,47.31,45.66,46.63,46.63,57562800
596,"Dec 24, 2019",46.10,46.61,45.77,46.54,46.54,44432200
597,"Dec 23, 2019",44.58,45.63,44.39,45.46,45.46,55886500
598,"Dec 20, 2019",43.44,44.26,43.26,44.15,44.15,68104700
599,"Dec 19, 2019",42.63,43.34,42.60,42.83,42.83,45883000
600,"Dec 18, 2019",42.79,43.06,42.24,42.30,42.30,39083300
601,"Dec 17, 2019",42.51,43.11,42.15,42.77,42.77,44852000
602,"Dec 16, 2019",41.73,42.98,41.73,42.35,42.35,58824900
603,"Dec 13, 2019",42.35,42.95,41.06,41.15,41.15,79927800
604,"Dec 12, 2019",39.40,42.62,39.25,42.59,42.59,86878000
605,"Dec 11, 2019",39.44,39.61,39.04,39.47,39.47,31698300
606,"Dec 10, 2019",39.20,39.73,38.82,39.44,39.44,33733600
607,"Dec 09, 2019",39.46,39.84,38.91,38.93,38.93,27928100
608,"Dec 06, 2019",40.10,40.19,39.56,39.63,39.63,31101400
609,"Dec 05, 2019",39.95,40.22,39.55,39.62,39.62,35574000
610,"Dec 04, 2019",39.38,39.82,39.13,39.69,39.69,44299400
611,"Dec 03, 2019",37.34,38.93,37.15,38.90,38.90,51556400
612,"Dec 02, 2019",39.32,39.41,38.44,38.73,38.73,35710200
613,"Nov 29, 2019",39.10,39.52,39.02,39.15,39.15,17609900
614,"Nov 27, 2019",39.46,39.76,39.07,39.41,39.41,33630100
615,"Nov 26, 2019",39.30,39.48,38.81,38.99,38.99,43603300
616,"Nov 25, 2019",39.50,40.17,39.49,39.79,39.79,45769500
617,"Nov 22, 2019",39.36,39.89,38.19,39.15,39.15,56931900
618,"Nov 21, 2019",40.42,40.71,38.64,39.52,39.52,88069400
619,"Nov 20, 2019",40.96,41.75,40.07,40.98,40.98,79767900
620,"Nov 19, 2019",40.14,41.79,39.69,41.29,41.29,94373000
621,"Nov 18, 2019",38.65,39.99,38.60,39.88,39.88,66102800
622,"Nov 15, 2019",38.94,39.37,38.34,38.56,38.56,62958500
623,"Nov 14, 2019",37.51,38.50,37.36,38.35,38.35,65829500
624,"Nov 13, 2019",36.65,37.96,36.58,37.52,37.52,67648300
625,"Nov 12, 2019",36.43,37.13,36.40,36.71,36.71,58664500
626,"Nov 11, 2019",35.96,36.66,35.58,36.31,36.31,43511100
627,"Nov 08, 2019",36.06,36.58,36.00,36.29,36.29,39353900
628,"Nov 07, 2019",36.52,36.99,36.03,36.28,36.28,54350200
629,"Nov 06, 2019",36.06,36.48,35.52,35.93,35.93,51675100
630,"Nov 05, 2019",36.56,37.18,35.98,36.15,36.15,84848600
631,"Nov 04, 2019",35.19,36.45,34.76,36.29,36.29,83343800
632,"Nov 01, 2019",34.37,35.00,34.10,34.89,34.89,64238600
633,"Oct 31, 2019",32.98,34.34,32.82,33.93,33.93,67881600
634,"Oct 30, 2019",32.93,33.34,32.03,33.13,33.13,78228800
635,"Oct 29, 2019",33.73,33.90,32.70,33.03,33.03,78700100
636,"Oct 28, 2019",33.16,33.91,33.15,33.69,33.69,51223600
637,"Oct 25, 2019",31.90,32.86,31.83,32.71,32.71,45368800
638,"Oct 24, 2019",31.58,31.86,31.34,31.72,31.72,27808000
639,"Oct 23, 2019",31.09,31.65,30.83,31.36,31.36,26582200
640,"Oct 22, 2019",32.06,32.15,31.50,31.51,31.51,36185200
641,"Oct 21, 2019",31.50,32.26,31.41,32.03,32.03,52182800
642,"Oct 18, 2019",31.06,31.33,30.29,30.97,30.97,39681700
643,"Oct 17, 2019",31.30,31.40,30.86,31.14,31.14,36884400
644,"Oct 16, 2019",30.60,31.41,30.53,30.81,30.81,42804400
645,"Oct 15, 2019",30.70,30.92,30.17,30.72,30.72,41600700
646,"Oct 14, 2019",29.71,30.61,29.38,30.53,30.53,44473700
647,"Oct 11, 2019",28.83,30.20,28.81,29.75,29.75,66256900
648,"Oct 10, 2019",28.52,28.89,28.00,28.38,28.38,40660100
649,"Oct 09, 2019",28.80,28.95,28.35,28.46,28.46,35661500
650,"Oct 08, 2019",28.55,28.64,27.92,28.23,28.23,44265700
651,"Oct 07, 2019",28.90,29.63,28.84,28.93,28.93,39337200
652,"Oct 04, 2019",28.83,29.06,28.28,29.01,29.01,34446700
653,"Oct 03, 2019",28.28,28.78,27.43,28.68,28.68,56325200
654,"Oct 02, 2019",28.50,28.85,28.03,28.31,28.31,43640700
655,"Oct 01, 2019",29.05,29.54,28.64,28.76,28.76,37081800
656,"Sep 30, 2019",28.89,29.05,28.36,28.99,28.99,37295600
657,"Sep 27, 2019",29.17,29.77,28.35,28.72,28.72,54091100
658,"Sep 26, 2019",29.67,29.77,29.00,29.47,29.47,40745400
659,"Sep 25, 2019",29.48,29.65,28.55,29.54,29.54,58234800
660,"Sep 24, 2019",30.54,30.75,29.29,29.52,29.52,72963000
661,"Sep 23, 2019",30.12,30.80,30.07,30.64,30.64,44366800
662,"Sep 20, 2019",30.36,30.47,29.65,30.05,30.05,79957400
663,"Sep 19, 2019",30.57,30.96,30.14,30.29,30.29,41603000
664,"Sep 18, 2019",30.75,30.89,29.88,30.42,30.42,47027500
665,"Sep 17, 2019",31.07,31.32,30.74,30.99,30.99,35011700
666,"Sep 16, 2019",30.37,31.15,30.26,30.83,30.83,52248500
667,"Sep 13, 2019",30.27,30.85,29.95,30.69,30.69,47758800
668,"Sep 12, 2019",30.08,30.84,29.95,30.21,30.21,53618300
669,"Sep 11, 2019",30.38,30.43,29.51,29.76,29.76,50631700
670,"Sep 10, 2019",30.22,30.38,29.77,30.23,30.23,48604800
671,"Sep 09, 2019",30.93,31.18,30.24,30.50,30.50,54413200
672,"Sep 06, 2019",31.50,31.51,30.48,30.56,30.56,51673000
673,"Sep 05, 2019",31.79,32.05,31.12,31.50,31.50,57861200
674,"Sep 04, 2019",31.32,31.83,30.85,30.95,30.95,46614600
675,"Sep 03, 2019",30.83,31.14,30.68,30.90,30.90,38029300
676,"Aug 30, 2019",31.60,31.87,31.13,31.45,31.45,40307000
677,"Aug 29, 2019",31.47,31.83,31.33,31.45,31.45,44422800
678,"Aug 28, 2019",29.92,31.18,29.70,30.78,30.78,55835900
679,"Aug 27, 2019",30.60,30.89,29.60,30.20,30.20,53229200
680,"Aug 26, 2019",30.34,30.72,29.94,30.28,30.28,50612500
681,"Aug 23, 2019",31.30,31.83,29.40,29.54,29.54,83681100
682,"Aug 22, 2019",31.76,31.92,30.98,31.90,31.90,47667900
683,"Aug 21, 2019",31.05,31.74,30.84,31.70,31.70,41441500
684,"Aug 20, 2019",30.94,31.31,30.45,30.72,30.72,47924000
685,"Aug 19, 2019",32.00,32.19,31.42,31.48,31.48,67596900
686,"Aug 16, 2019",30.31,31.48,30.21,31.18,31.18,70469800
687,"Aug 15, 2019",30.63,30.73,29.21,29.67,29.67,71674400
688,"Aug 14, 2019",31.00,31.05,29.51,30.24,30.24,127521500
689,"Aug 13, 2019",32.36,33.14,31.72,32.11,32.11,102009700
690,"Aug 12, 2019",34.16,34.65,32.08,32.43,32.43,106936000
691,"Aug 09, 2019",33.45,35.55,33.08,34.19,34.19,132483900
692,"Aug 08, 2019",31.53,34.27,31.48,33.92,33.92,167278800
693,"Aug 07, 2019",28.47,29.28,28.37,29.19,29.19,58577500
694,"Aug 06, 2019",28.86,29.05,28.20,28.86,28.86,60578400
695,"Aug 05, 2019",28.26,28.49,27.65,27.99,27.99,74333200
696,"Aug 02, 2019",29.48,29.73,28.94,29.44,29.44,60410900
697,"Aug 01, 2019",30.50,31.48,29.10,29.86,29.86,80878900
698,"Jul 31, 2019",32.08,32.30,30.30,30.45,30.45,119190000
699,"Jul 30, 2019",33.21,33.94,32.94,33.87,33.87,72198900
700,"Jul 29, 2019",34.14,34.18,32.98,33.48,33.48,45922000
701,"Jul 26, 2019",34.23,34.77,33.87,34.02,34.02,43502800
702,"Jul 25, 2019",34.05,34.25,33.62,33.67,33.67,36705600
703,"Jul 24, 2019",33.64,34.36,33.45,34.11,34.11,41952300
704,"Jul 23, 2019",33.17,33.50,32.93,33.49,33.49,38532500
705,"Jul 22, 2019",32.80,33.31,32.74,32.85,32.85,37777300
706,"Jul 19, 2019",33.08,33.35,32.45,32.51,32.51,44617700
707,"Jul 18, 2019",33.03,33.46,32.42,33.00,33.00,58473900
708,"Jul 17, 2019",34.01,34.30,33.49,33.60,33.60,42557900
709,"Jul 16, 2019",34.30,34.86,33.80,33.85,33.85,66912700
710,"Jul 15, 2019",33.34,34.55,33.27,34.39,34.39,65565200
711,"Jul 12, 2019",32.76,33.39,32.59,33.21,33.21,51509700
712,"Jul 11, 2019",33.91,34.00,32.76,33.06,33.06,63081800
713,"Jul 10, 2019",33.56,34.03,33.36,33.79,33.79,60388400
714,"Jul 09, 2019",31.76,33.18,30.10,33.15,33.15,61419800
715,"Jul 08, 2019",31.80,32.15,31.26,32.04,32.04,49689400
716,"Jul 05, 2019",30.88,31.56,30.75,31.50,31.50,34011900
717,"Jul 03, 2019",31.13,31.33,30.74,31.19,31.19,23462000
718,"Jul 02, 2019",30.96,31.26,30.73,31.24,31.24,37721700
719,"Jul 01, 2019",31.79,32.04,30.87,31.20,31.20,60275900
720,"Jun 28, 2019",31.08,31.11,30.33,30.37,30.37,50090900
721,"Jun 27, 2019",30.41,30.96,30.21,30.74,30.74,55623300
722,"Jun 26, 2019",29.98,30.48,29.78,29.92,29.92,65064200
723,"Jun 25, 2019",29.26,29.72,28.80,28.86,28.86,53680900
724,"Jun 24, 2019",29.32,29.40,28.67,29.26,29.26,55724800
725,"Jun 21, 2019",29.65,30.35,28.97,29.10,29.10,81861300
726,"Jun 20, 2019",31.24,31.36,29.84,30.01,30.01,72418200
727,"Jun 19, 2019",30.67,30.79,30.06,30.50,30.50,63233900
728,"Jun 18, 2019",29.76,30.97,29.58,30.45,30.45,86444500
729,"Jun 17, 2019",30.25,30.45,29.18,29.20,29.20,70865700
730,"Jun 14, 2019",30.70,30.96,30.02,30.36,30.36,70373000
731,"Jun 13, 2019",32.39,32.50,31.06,31.39,31.39,63556000
732,"Jun 12, 2019",32.00,32.57,31.92,32.18,32.18,56298700
733,"Jun 11, 2019",33.43,33.49,31.82,32.41,32.41,82834900
734,"Jun 10, 2019",33.53,34.30,33.08,33.23,33.23,97668800
735,"Jun 07, 2019",31.94,32.60,31.57,32.41,32.41,86841100
736,"Jun 06, 2019",29.87,31.98,29.84,31.82,31.82,131267800
737,"Jun 05, 2019",29.93,29.99,29.03,29.50,29.50,79481500
738,"Jun 04, 2019",28.39,29.59,27.91,29.57,29.57,107549500
739,"Jun 03, 2019",28.75,29.62,27.29,27.58,27.58,147532200
740,"May 31, 2019",27.57,28.36,27.40,27.41,27.41,68667800
741,"May 30, 2019",28.40,28.56,27.60,28.03,28.03,65289100
742,"May 29, 2019",29.00,29.32,27.73,28.09,28.09,99969600
743,"May 28, 2019",27.27,29.67,27.06,29.05,29.05,146949600
744,"May 24, 2019",26.61,26.93,26.40,26.44,26.44,39835800
745,"May 23, 2019",26.99,27.10,26.03,26.36,26.36,67809200
746,"May 22, 2019",27.12,27.59,27.07,27.41,27.41,40035300
747,"May 21, 2019",27.18,27.37,26.93,27.35,27.35,46079200
748,"May 20, 2019",26.98,27.24,26.49,26.68,26.68,69757400
749,"May 17, 2019",27.69,28.46,27.40,27.50,27.50,65385400
750,"May 16, 2019",27.37,28.37,27.27,28.01,28.01,67330100
751,"May 15, 2019",26.87,27.79,26.73,27.58,27.58,55689900
752,"May 14, 2019",26.53,27.48,26.15,27.32,27.32,82980400
753,"May 13, 2019",26.98,27.23,26.10,26.24,26.24,99017900
754,"May 10, 2019",27.03,28.10,26.93,27.96,27.96,82930100
755,"May 09, 2019",26.70,27.38,26.03,27.21,27.21,73150900
756,"May 08, 2019",26.41,27.71,26.27,27.09,27.09,65967500
757,"May 07, 2019",27.20,27.35,26.21,26.66,26.66,75868800
758,"May 06, 2019",26.72,27.50,26.45,27.42,27.42,70344100
759,"May 03, 2019",28.30,28.42,27.66,28.22,28.22,55503100
760,"May 02, 2019",26.94,28.64,26.61,28.29,28.29,100514800
761,"May 01, 2019",28.95,29.15,26.78,26.81,26.81,136066900
762,"Apr 30, 2019",27.59,27.80,26.94,27.63,27.63,73165900
763,"Apr 29, 2019",27.90,28.14,27.50,27.69,27.69,44532700
764,"Apr 26, 2019",27.66,27.90,27.05,27.88,27.88,48827900
765,"Apr 25, 2019",28.67,28.86,27.36,27.66,27.66,57329700
766,"Apr 24, 2019",28.10,28.85,27.93,28.46,28.46,51784700
767,"Apr 23, 2019",28.18,28.49,27.79,27.97,27.97,41777500
768,"Apr 22, 2019",27.62,28.23,27.39,28.18,28.18,36477300
769,"Apr 18, 2019",27.60,27.88,27.34,27.68,27.68,39880900
770,"Apr 17, 2019",28.21,28.27,27.22,27.49,27.49,48240800
771,"Apr 16, 2019",27.72,28.18,27.49,27.93,27.93,47340100
772,"Apr 15, 2019",27.80,27.84,26.96,27.33,27.33,40812500
773,"Apr 12, 2019",28.21,28.38,27.66,27.85,27.85,41048800
774,"Apr 11, 2019",27.81,28.05,27.46,27.79,27.79,44801200
775,"Apr 10, 2019",27.46,28.12,27.32,27.83,27.83,64368100
776,"Apr 09, 2019",28.24,28.38,27.19,27.24,27.24,75539800
777,"Apr 08, 2019",28.69,28.95,28.18,28.53,28.53,58002500
778,"Apr 05, 2019",29.64,29.69,28.80,28.98,28.98,65662700
779,"Apr 04, 2019",28.88,29.39,28.61,29.09,29.09,82191100
780,"Apr 03, 2019",28.02,29.95,27.88,29.02,29.02,197650500
781,"Apr 02, 2019",26.51,26.80,26.09,26.75,26.75,53358800
782,"Apr 01, 2019",26.42,26.56,25.83,26.36,26.36,63000300
783,"Mar 29, 2019",25.58,25.73,25.25,25.52,25.52,53502800
784,"Mar 28, 2019",25.10,25.56,24.65,25.06,25.06,64667500
785,"Mar 27, 2019",25.70,25.88,24.55,24.89,24.89,88585300
786,"Mar 26, 2019",26.69,26.98,25.46,25.69,25.69,75754100
787,"Mar 25, 2019",26.29,26.99,25.54,25.97,25.97,78438200
788,"Mar 22, 2019",27.54,27.75,26.33,26.37,26.37,115323300
789,"Mar 21, 2019",25.78,28.11,25.71,27.89,27.89,129610300
790,"Mar 20, 2019",26.49,26.88,25.31,25.70,25.70,151292100
791,"Mar 19, 2019",23.60,26.08,23.59,26.00,26.00,156052200
792,"Mar 18, 2019",23.30,23.62,23.04,23.25,23.25,34731800
793,"Mar 15, 2019",23.10,23.65,23.01,23.29,23.29,46519900
794,"Mar 14, 2019",23.37,23.49,22.80,22.82,22.82,42818600
795,"Mar 13, 2019",23.66,24.15,23.35,23.38,23.38,56705800
796,"Mar 12, 2019",23.10,23.80,22.78,23.49,23.49,56410600
797,"Mar 11, 2019",22.15,23.08,21.98,22.96,22.96,54420200
798,"Mar 08, 2019",21.35,22.09,21.04,22.01,22.01,49967700
799,"Mar 07, 2019",22.33,22.41,21.73,22.08,22.08,52186300
800,"Mar 06, 2019",23.47,23.53,22.40,22.41,22.41,60479400
801,"Mar 05, 2019",23.34,23.68,23.01,23.50,23.50,35462600
802,"Mar 04, 2019",23.89,24.13,23.01,23.37,23.37,48147700
803,"Mar 01, 2019",23.97,24.19,23.45,23.68,23.68,48084000
804,"Feb 28, 2019",23.21,23.67,23.11,23.53,23.53,39384900
805,"Feb 27, 2019",24.11,24.23,23.21,23.48,23.48,62649300
806,"Feb 26, 2019",24.65,24.72,24.15,24.21,24.21,48470100
807,"Feb 25, 2019",25.01,25.52,24.68,24.71,24.71,63221000
808,"Feb 22, 2019",24.05,24.36,23.88,24.36,24.36,52650700
809,"Feb 21, 2019",24.04,24.33,23.85,23.92,23.92,49608200
810,"Feb 20, 2019",24.14,24.37,23.90,23.95,23.95,57091600
811,"Feb 19, 2019",23.63,24.41,23.61,23.95,23.95,57517900
812,"Feb 15, 2019",23.58,24.05,23.20,23.68,23.68,78644100
813,"Feb 14, 2019",22.74,23.37,22.59,23.13,23.13,64441200
814,"Feb 13, 2019",22.98,23.24,22.71,22.85,22.85,57544200
815,"Feb 12, 2019",23.43,23.56,22.75,22.82,22.82,67595400
816,"Feb 11, 2019",23.05,23.28,22.66,22.96,22.96,60578700
817,"Feb 08, 2019",22.33,23.28,22.27,23.05,23.05,78129300
818,"Feb 07, 2019",22.99,23.22,22.32,22.67,22.67,86723900
819,"Feb 06, 2019",23.63,24.14,23.22,23.26,23.26,78684300
820,"Feb 05, 2019",23.42,23.86,22.98,23.31,23.31,122226000
821,"Feb 04, 2019",24.43,24.66,24.07,24.13,24.13,70843800
822,"Feb 01, 2019",24.61,24.84,24.07,24.51,24.51,105356200
823,"Jan 31, 2019",23.02,25.14,22.83,24.41,24.41,182575600
824,"Jan 30, 2019",21.49,23.13,21.37,23.09,23.09,211421200
825,"Jan 29, 2019",20.26,20.39,19.05,19.25,19.25,131202500
826,"Jan 28, 2019",20.32,21.01,20.02,20.18,20.18,135164100
827,"Jan 25, 2019",20.99,22.03,20.79,21.93,21.93,110239500
828,"Jan 24, 2019",20.06,21.01,20.04,20.85,20.85,97433400
829,"Jan 23, 2019",20.03,20.48,19.55,19.80,19.80,77811300
830,"Jan 22, 2019",20.48,20.92,19.70,19.76,19.76,78513700
831,"Jan 18, 2019",20.37,21.05,20.02,20.77,20.77,88131000
832,"Jan 17, 2019",19.49,20.51,19.02,20.25,20.25,85018400
833,"Jan 16, 2019",20.40,20.54,19.71,19.73,19.73,70849300
834,"Jan 15, 2019",20.44,20.68,20.26,20.38,20.38,62785800
835,"Jan 14, 2019",19.96,20.62,19.75,20.23,20.23,71350200
836,"Jan 11, 2019",19.47,20.35,19.19,20.27,20.27,85110800
837,"Jan 10, 2019",19.76,19.83,18.90,19.74,19.74,115629400
838,"Jan 09, 2019",20.89,21.44,20.07,20.19,20.19,163944100
839,"Jan 08, 2019",21.19,21.20,19.68,20.75,20.75,121271000
840,"Jan 07, 2019",19.44,20.68,19.00,20.57,20.57,107157000
841,"Jan 04, 2019",17.55,19.07,17.43,19.00,19.00,111878600
842,"Jan 03, 2019",18.42,18.68,16.94,17.05,17.05,117277600
843,"Jan 02, 2019",18.01,19.00,17.98,18.83,18.83,87148700
844,"Dec 31, 2018",18.15,18.51,17.85,18.46,18.46,84732200
845,"Dec 28, 2018",17.53,18.31,17.14,17.82,17.82,109214400
846,"Dec 27, 2018",17.43,17.74,16.44,17.49,17.49,111373000
847,"Dec 26, 2018",16.88,17.91,16.03,17.90,17.90,108811800
848,"Dec 24, 2018",16.52,17.22,16.37,16.65,16.65,62933100
849,"Dec 21, 2018",18.12,18.34,16.76,16.93,16.93,132246000
850,"Dec 20, 2018",18.11,18.86,17.34,17.94,17.94,119394500
851,"Dec 19, 2018",19.44,19.72,18.00,18.16,18.16,120644500
852,"Dec 18, 2018",19.15,19.84,18.88,19.50,19.50,101512900
853,"Dec 17, 2018",20.01,20.02,18.64,18.83,18.83,115437900
854,"Dec 14, 2018",19.58,20.70,19.52,19.90,19.90,84713600
855,"Dec 13, 2018",20.63,20.87,19.76,19.86,19.86,88108300
856,"Dec 12, 2018",20.32,21.02,19.71,20.48,20.48,100340700
857,"Dec 11, 2018",20.71,21.14,19.69,19.98,19.98,88027400
858,"Dec 10, 2018",19.35,20.13,19.27,19.99,19.99,77984500
859,"Dec 07, 2018",21.30,21.38,19.17,19.46,19.46,105764500
860,"Dec 06, 2018",20.22,21.41,20.06,21.30,21.30,103434700
861,"Dec 04, 2018",23.35,23.42,21.07,21.12,21.12,127392900
862,"Dec 03, 2018",22.48,23.75,22.37,23.71,23.71,139607400
863,"Nov 30, 2018",21.30,21.36,20.52,21.30,21.30,82370700
864,"Nov 29, 2018",21.19,21.61,20.73,21.43,21.43,79853700
865,"Nov 28, 2018",21.82,21.88,20.18,21.34,21.34,134425300
866,"Nov 27, 2018",19.77,21.45,19.73,21.05,21.05,119230100
867,"Nov 26, 2018",19.96,20.19,19.11,20.08,20.08,83211000
868,"Nov 23, 2018",18.61,19.83,18.56,19.38,19.38,54611300
869,"Nov 21, 2018",20.05,20.31,18.50,18.73,18.73,81585600
870,"Nov 20, 2018",17.40,19.58,17.18,19.21,19.21,109869400
871,"Nov 19, 2018",20.40,20.59,19.09,19.11,19.11,93578200
872,"Nov 16, 2018",19.87,20.97,19.72,20.66,20.66,112376600
873,"Nov 15, 2018",20.72,21.77,20.42,21.49,21.49,97715500
874,"Nov 14, 2018",20.18,21.11,19.76,20.81,20.81,106344300
875,"Nov 13, 2018",19.28,20.02,18.97,19.61,19.61,76126000
876,"Nov 12, 2018",20.68,20.85,18.80,19.03,19.03,95948200
877,"Nov 09, 2018",20.77,21.19,20.11,21.03,21.03,85900700
878,"Nov 08, 2018",21.77,22.08,20.97,21.20,21.20,92387600
879,"Nov 07, 2018",21.42,22.22,21.07,21.84,21.84,121115800
880,"Nov 06, 2018",19.50,21.65,19.48,20.68,20.68,144995700
881,"Nov 05, 2018",20.12,20.18,18.88,19.90,19.90,108016700
882,"Nov 02, 2018",20.59,21.06,19.47,20.23,20.23,123788000
883,"Nov 01, 2018",18.41,20.33,18.08,20.22,20.22,136896500
884,"Oct 31, 2018",17.87,18.34,17.12,18.21,18.21,110463700
885,"Oct 30, 2018",16.38,17.24,16.17,17.20,17.20,99049400
886,"Oct 29, 2018",18.21,18.23,16.27,16.85,16.85,94479600
887,"Oct 26, 2018",18.49,18.78,17.05,17.63,17.63,119689000
888,"Oct 25, 2018",17.92,20.15,17.72,19.27,19.27,189173700
889,"Oct 24, 2018",25.04,25.10,22.75,22.79,22.79,134489100
890,"Oct 23, 2018",24.18,25.26,23.85,25.09,25.09,101763000
891,"Oct 22, 2018",24.46,25.64,24.09,25.03,25.03,114158900
892,"Oct 19, 2018",27.03,27.10,23.60,23.66,23.66,130799900
893,"Oct 18, 2018",27.08,27.75,26.40,26.62,26.62,79623700
894,"Oct 17, 2018",28.41,28.53,26.92,27.30,27.30,89466900
895,"Oct 16, 2018",26.63,28.23,26.17,28.18,28.18,92529000
896,"Oct 15, 2018",26.38,26.77,25.75,26.26,26.26,70523500
897,"Oct 12, 2018",26.77,26.97,25.67,26.34,26.34,111059400
898,"Oct 11, 2018",24.74,26.20,24.55,25.30,25.30,147013800
899,"Oct 10, 2018",27.38,27.40,24.91,25.00,25.00,147682900
900,"Oct 09, 2018",26.15,27.71,26.00,27.24,27.24,105461800
901,"Oct 08, 2018",26.73,27.54,25.96,26.46,26.46,103789500
902,"Oct 05, 2018",28.07,28.47,26.93,27.35,27.35,88008500
903,"Oct 04, 2018",27.99,28.83,27.37,27.78,27.78,95831200
904,"Oct 03, 2018",29.04,29.22,26.54,28.43,28.43,190137200
905,"Oct 02, 2018",30.73,30.82,28.65,29.02,29.02,145276500
906,"Oct 01, 2018",30.69,31.91,30.25,31.42,31.42,94742900
907,"Sep 28, 2018",32.24,32.78,29.98,30.89,30.89,165453500
908,"Sep 27, 2018",31.86,32.63,31.39,32.59,32.59,87934400
909,"Sep 26, 2018",32.40,32.60,31.72,32.19,32.19,79347300
910,"Sep 25, 2018",33.18,33.60,32.19,32.57,32.57,118570200
911,"Sep 24, 2018",31.13,32.65,30.91,32.61,32.61,118332600
912,"Sep 21, 2018",31.19,32.42,30.91,31.02,31.02,129792900
913,"Sep 20, 2018",32.10,32.20,30.64,31.18,31.18,123116500
914,"Sep 19, 2018",31.52,31.83,30.51,31.21,31.21,124287000
915,"Sep 18, 2018",32.99,33.37,31.20,31.93,31.93,176673200
916,"Sep 17, 2018",31.75,33.23,31.60,32.43,32.43,180410600
917,"Sep 14, 2018",31.43,33.09,30.54,32.72,32.72,217762800
918,"Sep 13, 2018",33.16,34.14,29.87,30.48,30.48,304147100
919,"Sep 12, 2018",29.91,32.29,29.45,32.21,32.21,197889600
920,"Sep 11, 2018",30.02,30.59,29.37,30.10,30.10,159902500
921,"Sep 10, 2018",28.15,29.93,27.84,29.89,29.89,162253800
922,"Sep 07, 2018",26.96,28.27,26.80,27.38,27.38,123348700
923,"Sep 06, 2018",28.12,28.58,27.19,27.84,27.84,143942900
924,"Sep 05, 2018",29.41,29.94,26.84,28.51,28.51,257349000
925,"Sep 04, 2018",25.62,28.11,25.57,28.06,28.06,192541300
926,"Aug 31, 2018",24.89,25.24,24.72,25.17,25.17,65206400
927,"Aug 30, 2018",25.29,25.67,24.76,24.89,24.89,103607300
928,"Aug 29, 2018",24.36,25.41,24.01,25.20,25.20,143223200
929,"Aug 28, 2018",25.51,26.18,24.04,25.05,25.05,215771200
930,"Aug 27, 2018",24.94,27.30,24.63,25.26,25.26,325058400
931,"Aug 24, 2018",22.91,24.00,22.67,23.98,23.98,164328200
932,"Aug 23, 2018",21.19,22.32,21.14,22.29,22.29,113444100
933,"Aug 22, 2018",20.28,20.92,20.21,20.90,20.90,62002700
934,"Aug 21, 2018",19.98,20.42,19.86,20.40,20.40,55629000
935,"Aug 20, 2018",19.79,20.08,19.35,19.98,19.98,62983200
936,"Aug 17, 2018",19.12,19.82,18.73,19.77,19.77,60616600
937,"Aug 16, 2018",19.86,20.07,19.25,19.33,19.33,69733700
938,"Aug 15, 2018",19.86,20.10,19.20,19.70,19.70,86355700
939,"Aug 14, 2018",19.97,20.28,19.63,20.02,20.02,89195500
940,"Aug 13, 2018",19.16,19.93,19.12,19.73,19.73,81411300
941,"Aug 10, 2018",19.09,19.48,18.85,19.06,19.06,65821100
942,"Aug 09, 2018",19.58,19.71,19.08,19.10,19.10,46653400
943,"Aug 08, 2018",19.46,19.77,19.26,19.58,19.58,52081400
944,"Aug 07, 2018",19.53,19.71,19.08,19.56,19.56,72822600
945,"Aug 06, 2018",18.89,19.44,18.46,19.43,19.43,83579700
946,"Aug 03, 2018",18.94,19.06,18.37,18.49,18.49,53232100
947,"Aug 02, 2018",18.17,18.83,18.00,18.79,18.79,52867100
948,"Aug 01, 2018",18.34,18.95,18.32,18.48,18.48,75495200
949,"Jul 31, 2018",19.35,19.50,18.27,18.33,18.33,118403400
950,"Jul 30, 2018",19.40,20.18,19.31,19.42,19.42,160823400
951,"Jul 27, 2018",19.07,19.88,18.31,18.94,18.94,161903800
952,"Jul 26, 2018",17.16,18.45,16.83,18.35,18.35,192661100
953,"Jul 25, 2018",16.30,16.39,15.72,16.05,16.05,82604900
954,"Jul 24, 2018",16.75,16.86,16.11,16.19,16.19,58201500
955,"Jul 23, 2018",16.47,16.68,15.90,16.66,16.66,44940800
956,"Jul 20, 2018",16.66,16.88,16.44,16.50,16.50,42879800
957,"Jul 19, 2018",16.71,16.88,16.55,16.71,16.71,41267800
958,"Jul 18, 2018",16.94,16.99,16.55,16.85,16.85,40881500
959,"Jul 17, 2018",16.50,16.88,16.48,16.87,16.87,42313500
960,"Jul 16, 2018",16.42,17.00,16.41,16.58,16.58,65275300
961,"Jul 13, 2018",16.68,16.69,16.22,16.27,16.27,40614100
962,"Jul 12, 2018",16.41,16.79,16.38,16.56,16.56,44188100
963,"Jul 11, 2018",16.15,16.53,16.02,16.27,16.27,42544100
964,"Jul 10, 2018",16.59,16.65,16.31,16.55,16.55,37093000
965,"Jul 09, 2018",16.73,16.84,16.17,16.61,16.61,58525500
966,"Jul 06, 2018",15.52,16.39,15.48,16.36,16.36,65101700
967,"Jul 05, 2018",15.13,15.50,15.02,15.50,15.50,40703300
968,"Jul 03, 2018",15.21,15.34,14.96,15.00,15.00,32094000
969,"Jul 02, 2018",14.80,15.18,14.74,15.16,15.16,43398800
970,"Jun 29, 2018",15.41,15.49,14.98,14.99,14.99,41527800
971,"Jun 28, 2018",14.85,15.36,14.75,15.31,15.31,48716800
972,"Jun 27, 2018",15.65,15.76,14.96,14.97,14.97,56014300
973,"Jun 26, 2018",15.32,15.60,15.10,15.50,15.50,54213500
974,"Jun 25, 2018",15.64,15.74,14.54,15.11,15.11,94418400
975,"Jun 22, 2018",15.78,15.91,15.56,15.80,15.80,59257100
976,"Jun 21, 2018",16.65,16.87,15.46,15.65,15.65,95638400
977,"Jun 20, 2018",16.83,17.13,16.37,16.52,16.52,76280600
978,"Jun 19, 2018",16.85,17.29,16.31,16.69,16.69,92542900
979,"Jun 18, 2018",16.18,17.34,16.13,17.11,17.11,104317400
980,"Jun 15, 2018",16.06,16.52,15.82,16.34,16.34,77612200
981,"Jun 14, 2018",16.62,16.79,15.58,16.25,16.25,113048600
982,"Jun 13, 2018",15.81,16.52,15.78,16.32,16.32,90227300
983,"Jun 12, 2018",15.84,15.95,15.43,15.85,15.85,67002600
984,"Jun 11, 2018",15.21,15.89,15.01,15.73,15.73,80737600
985,"Jun 08, 2018",14.52,15.33,14.31,15.25,15.25,81930500
986,"Jun 07, 2018",15.83,15.97,14.85,14.89,14.89,99860300
987,"Jun 06, 2018",15.07,15.74,15.04,15.67,15.67,97089000
988,"Jun 05, 2018",14.85,14.92,14.63,14.85,14.85,56122700
989,"Jun 04, 2018",14.76,14.98,14.52,14.85,14.85,74546000
990,"Jun 01, 2018",13.98,14.40,13.92,14.40,14.40,71677900
991,"May 31, 2018",13.74,13.93,13.69,13.73,13.73,46797700
992,"May 30, 2018",13.48,13.95,13.48,13.82,13.82,58186400
993,"May 29, 2018",13.45,13.63,13.26,13.36,13.36,39578500
994,"May 25, 2018",13.40,13.72,13.36,13.54,13.54,43850100
995,"May 24, 2018",13.06,13.43,13.03,13.41,13.41,47785700
996,"May 23, 2018",12.93,13.18,12.90,13.10,13.10,44517800
997,"May 22, 2018",13.00,13.14,12.71,12.98,12.98,43267000
998,"May 21, 2018",13.25,13.31,12.88,12.99,12.99,49714200
999,"May 18, 2018",13.06,13.26,12.91,13.00,13.00,54063400
1000,"May 17, 2018",12.79,12.90,12.66,12.82,12.82,38692500
1001,"May 16, 2018",12.64,12.98,12.62,12.82,12.82,73364000
1002,"May 15, 2018",12.18,12.46,12.16,12.45,12.45,44183200
1003,"May 14, 2018",12.14,12.36,12.11,12.23,12.23,50263800
1004,"May 11, 2018",11.89,12.03,11.69,11.95,11.95,43863700
1005,"May 10, 2018",11.98,12.18,11.95,12.13,12.13,49744500
1006,"May 09, 2018",11.65,11.98,11.57,11.95,11.95,49605700
1007,"May 08, 2018",11.49,11.66,11.40,11.61,11.61,35218400
1008,"May 07, 2018",11.32,11.68,11.30,11.59,11.59,54001700
1009,"May 04, 2018",10.88,11.29,10.87,11.28,11.28,47884900
1010,"May 03, 2018",10.90,11.06,10.83,10.93,10.93,33310600
1011,"May 02, 2018",11.10,11.16,10.97,10.97,10.97,29267300
1012,"May 01, 2018",10.83,11.15,10.77,11.13,11.13,43441600
1013,"Apr 30, 2018",11.06,11.14,10.87,10.88,10.88,50608800
1014,"Apr 27, 2018",11.20,11.36,11.02,11.11,11.11,74347800
1015,"Apr 26, 2018",10.87,11.19,10.61,11.04,11.04,145284100
1016,"Apr 25, 2018",10.06,10.09,9.56,9.71,9.71,90578000
1017,"Apr 24, 2018",10.19,10.35,9.95,10.09,10.09,44992200
1018,"Apr 23, 2018",10.09,10.19,9.97,10.04,10.04,42971300
1019,"Apr 20, 2018",10.05,10.14,9.95,9.99,9.99,39011900
1020,"Apr 19, 2018",10.18,10.33,9.99,10.11,10.11,57841600
1021,"Apr 18, 2018",10.51,10.65,10.33,10.36,10.36,42449600
1022,"Apr 17, 2018",10.28,10.53,10.20,10.52,10.52,45360300
1023,"Apr 16, 2018",10.00,10.17,9.90,10.09,10.09,28875100
1024,"Apr 13, 2018",10.20,10.22,9.88,9.93,9.93,38935700
1025,"Apr 12, 2018",9.98,10.10,9.82,10.08,10.08,47784400
1026,"Apr 11, 2018",9.87,10.03,9.79,9.82,9.82,29169300
1027,"Apr 10, 2018",9.75,10.04,9.71,9.98,9.98,42849200
1028,"Apr 09, 2018",9.75,9.84,9.52,9.53,9.53,38382600
1029,"Apr 06, 2018",9.83,10.10,9.50,9.61,9.61,51087100
1030,"Apr 05, 2018",10.05,10.20,9.91,10.02,10.02,65758800
1031,"Apr 04, 2018",9.08,9.81,9.04,9.77,9.77,67356900
1032,"Apr 03, 2018",9.63,9.77,9.30,9.55,9.55,54891600
1033,"Apr 02, 2018",9.99,10.14,9.51,9.53,9.53,64824600
1034,"Mar 29, 2018",9.94,10.08,9.81,10.05,10.05,48681400
1035,"Mar 28, 2018",9.99,10.17,9.79,9.81,9.81,64832100
1036,"Mar 27, 2018",10.51,10.59,9.90,10.00,10.00,68551300
1037,"Mar 26, 2018",10.71,10.80,10.18,10.44,10.44,75878500
1038,"Mar 23, 2018",10.91,10.97,10.57,10.63,10.63,54844500
1039,"Mar 22, 2018",11.10,11.26,10.85,10.91,10.91,59944200
1040,"Mar 21, 2018",11.16,11.34,11.11,11.26,11.26,44691700
1041,"Mar 20, 2018",11.41,11.52,11.00,11.11,11.11,65116900
1042,"Mar 19, 2018",11.41,11.74,11.35,11.43,11.43,53308600
1043,"Mar 16, 2018",11.49,11.55,11.32,11.47,11.47,37591000
1044,"Mar 15, 2018",11.43,11.55,11.19,11.46,11.46,66373900
1045,"Mar 14, 2018",11.70,11.72,11.26,11.36,11.36,80540800
1046,"Mar 13, 2018",11.50,12.04,11.10,11.64,11.64,174302600
1047,"Mar 12, 2018",11.76,11.82,11.48,11.52,11.52,83748700
1048,"Mar 09, 2018",12.03,12.04,11.58,11.70,11.70,89674400
1049,"Mar 08, 2018",12.40,12.59,11.74,11.97,11.97,76011200
1050,"Mar 07, 2018",11.58,12.82,11.55,12.24,12.24,127603200
1051,"Mar 06, 2018",12.01,12.05,11.71,11.76,11.76,46751200
1052,"Mar 05, 2018",11.69,12.06,11.61,11.91,11.91,43734800
1053,"Mar 02, 2018",11.67,11.93,11.43,11.81,11.81,58123500
1054,"Mar 01, 2018",12.26,12.27,11.66,11.90,11.90,63207400
1055,"Feb 28, 2018",12.66,12.73,12.10,12.11,12.11,43387500
1056,"Feb 27, 2018",12.43,12.88,12.39,12.53,12.53,55975300
1057,"Feb 26, 2018",12.14,12.43,12.05,12.42,12.42,42265200
1058,"Feb 23, 2018",11.95,12.16,11.94,12.07,12.07,33317600
1059,"Feb 22, 2018",11.82,12.00,11.63,11.84,11.84,37886300
1060,"Feb 21, 2018",12.12,12.12,11.72,11.72,11.72,40195800
1061,"Feb 20, 2018",11.72,12.19,11.71,12.02,12.02,47096500
1062,"Feb 16, 2018",12.11,12.23,11.82,11.82,11.82,47332300
1063,"Feb 15, 2018",12.40,12.63,12.07,12.19,12.19,59593800
1064,"Feb 14, 2018",11.72,12.31,11.63,12.20,12.20,51756800
1065,"Feb 13, 2018",11.60,11.82,11.53,11.78,11.78,33661400
1066,"Feb 12, 2018",11.47,11.80,11.43,11.68,11.68,63160900
1067,"Feb 09, 2018",11.54,11.57,10.63,11.31,11.31,85458200
1068,"Feb 08, 2018",11.72,11.85,11.21,11.22,11.22,56471800
1069,"Feb 07, 2018",11.70,11.90,11.53,11.60,11.60,55758400
1070,"Feb 06, 2018",11.04,11.74,11.00,11.65,11.65,87123200
1071,"Feb 05, 2018",12.05,12.18,10.93,11.57,11.57,116568900
1072,"Feb 02, 2018",13.05,13.06,12.43,12.45,12.45,79432600
1073,"Feb 01, 2018",13.62,13.84,13.21,13.25,13.25,67543300
1074,"Jan 31, 2018",13.24,13.85,13.15,13.74,13.74,140977800
1075,"Jan 30, 2018",13.12,13.27,12.69,12.87,12.87,91236400
1076,"Jan 29, 2018",13.13,13.47,13.05,13.32,13.32,66645400
1077,"Jan 26, 2018",12.70,12.95,12.62,12.95,12.95,44239000
1078,"Jan 25, 2018",12.78,12.94,12.32,12.41,12.41,42966600
1079,"Jan 24, 2018",13.02,13.05,12.60,12.71,12.71,41956400
1080,"Jan 23, 2018",12.82,13.00,12.76,12.94,12.94,46417200
1081,"Jan 22, 2018",12.61,12.74,12.37,12.65,12.65,34758600
1082,"Jan 19, 2018",12.56,12.88,12.54,12.59,12.59,46800700
1083,"Jan 18, 2018",12.18,12.68,12.15,12.47,12.47,62086200
1084,"Jan 17, 2018",11.90,12.19,11.82,12.18,12.18,39020800
1085,"Jan 16, 2018",12.05,12.20,11.80,11.91,11.91,42686600
1086,"Jan 12, 2018",11.82,12.07,11.80,12.02,12.02,47149300
1087,"Jan 11, 2018",12.07,12.19,11.90,12.14,12.14,38354900
1088,"Jan 10, 2018",11.63,12.15,11.56,11.96,11.96,52561200
1089,"Jan 09, 2018",12.00,12.02,11.71,11.82,11.82,62560900
1090,"Jan 08, 2018",12.01,12.30,11.85,12.28,12.28,63346000
1091,"Jan 05, 2018",12.19,12.22,11.66,11.88,11.88,63808900
1092,"Jan 04, 2018",12.10,12.43,11.97,12.12,12.12,109503000
1093,"Jan 03, 2018",11.61,12.14,11.36,11.55,11.55,154066700
1094,"Jan 02, 2018",10.42,11.02,10.34,10.98,10.98,44146300
1095,"Dec 29, 2017",10.57,10.58,10.27,10.28,10.28,26678900
1096,"Dec 28, 2017",10.57,10.64,10.43,10.55,10.55,18609400
1097,"Dec 27, 2017",10.45,10.74,10.40,10.53,10.53,22921800
1098,"Dec 26, 2017",10.38,10.58,10.34,10.46,10.46,20437900
1099,"Dec 22, 2017",10.75,10.77,10.20,10.54,10.54,50744500
1100,"Dec 21, 2017",10.98,11.08,10.87,10.89,10.89,21884300
1101,"Dec 20, 2017",11.10,11.18,10.80,10.98,10.98,31420300
1102,"Dec 19, 2017",11.00,11.19,10.87,10.95,10.95,43852900
1103,"Dec 18, 2017",10.60,11.00,10.51,10.98,10.98,63797700
1104,"Dec 15, 2017",10.13,10.32,10.02,10.29,10.29,45462300
1105,"Dec 14, 2017",10.10,10.17,9.96,10.13,10.13,29006800
1106,"Dec 13, 2017",9.97,10.21,9.95,10.11,10.11,41494800
1107,"Dec 12, 2017",10.13,10.14,9.88,9.90,9.90,36211000
1108,"Dec 11, 2017",9.97,10.16,9.96,10.16,10.16,29956400
1109,"Dec 08, 2017",10.15,10.20,9.92,9.94,9.94,34897000
1110,"Dec 07, 2017",10.07,10.19,9.95,10.04,10.04,32665600
1111,"Dec 06, 2017",9.90,10.05,9.71,10.00,10.00,38952200
1112,"Dec 05, 2017",9.89,10.34,9.70,9.91,9.91,67304100
1113,"Dec 04, 2017",10.85,10.86,9.82,10.03,10.03,97328300
1114,"Dec 01, 2017",10.81,10.97,10.53,10.73,10.73,42128800
1115,"Nov 30, 2017",10.87,11.03,10.76,10.89,10.89,43205000
1116,"Nov 29, 2017",11.08,11.17,10.73,10.83,10.83,63333800
1117,"Nov 28, 2017",11.45,11.54,11.00,11.17,11.17,65325700
1118,"Nov 27, 2017",11.34,11.74,11.34,11.55,11.55,41798300
1119,"Nov 24, 2017",11.38,11.42,11.30,11.38,11.38,11035800
1120,"Nov 22, 2017",11.41,11.49,11.30,11.37,11.37,23816500
1121,"Nov 21, 2017",11.42,11.49,11.24,11.40,11.40,31881700
1122,"Nov 20, 2017",11.47,11.51,11.19,11.34,11.34,35960200
1123,"Nov 17, 2017",11.30,11.75,11.28,11.38,11.38,56775600
1124,"Nov 16, 2017",11.13,11.32,11.13,11.25,11.25,31800400
1125,"Nov 15, 2017",11.01,11.13,10.77,11.07,11.07,33524700
1126,"Nov 14, 2017",11.03,11.26,11.00,11.12,11.12,37245000
1127,"Nov 13, 2017",11.18,11.20,10.92,11.09,11.09,54068300
1128,"Nov 10, 2017",11.22,11.43,11.12,11.26,11.26,50209900
1129,"Nov 09, 2017",11.25,11.35,11.03,11.12,11.12,76821200
1130,"Nov 08, 2017",11.94,11.95,11.51,11.71,11.71,59065000
1131,"Nov 07, 2017",11.94,12.27,11.92,12.05,12.05,67900200
1132,"Nov 06, 2017",12.04,12.09,11.64,11.93,11.93,96349800
1133,"Nov 03, 2017",10.95,11.13,10.82,11.12,11.12,44264300
1134,"Nov 02, 2017",10.87,10.99,10.66,10.85,10.85,47942500
1135,"Nov 01, 2017",11.25,11.29,10.72,10.80,10.80,66875500
1136,"Oct 31, 2017",10.76,11.31,10.69,10.99,10.99,78600000
1137,"Oct 30, 2017",11.26,11.42,10.65,10.89,10.89,137785100
1138,"Oct 27, 2017",12.17,12.19,11.35,11.84,11.84,115650400
1139,"Oct 26, 2017",12.45,12.46,12.00,12.01,12.01,87625400
1140,"Oct 25, 2017",12.95,13.13,12.29,12.33,12.33,166762100
1141,"Oct 24, 2017",14.20,14.36,14.15,14.25,14.25,84891600
1142,"Oct 23, 2017",13.94,14.19,13.90,14.10,14.10,49838000
1143,"Oct 20, 2017",14.03,14.09,13.80,13.81,13.81,32538900
1144,"Oct 19, 2017",13.85,14.04,13.69,13.95,13.95,33795700
1145,"Oct 18, 2017",14.20,14.28,13.76,14.07,14.07,39020300
1146,"Oct 17, 2017",14.24,14.35,14.14,14.16,14.16,28995600
1147,"Oct 16, 2017",14.25,14.35,14.12,14.26,14.26,34136800
1148,"Oct 13, 2017",14.32,14.41,14.12,14.22,14.22,37515800
1149,"Oct 12, 2017",13.85,14.37,13.81,14.20,14.20,69874100
1150,"Oct 11, 2017",13.62,13.96,13.61,13.88,13.88,38746600
1151,"Oct 10, 2017",13.72,13.79,13.44,13.70,13.70,43304000
1152,"Oct 09, 2017",13.26,13.83,13.26,13.47,13.47,54032500
1153,"Oct 06, 2017",13.22,13.39,13.18,13.23,13.23,28258700
1154,"Oct 05, 2017",13.38,13.46,13.21,13.34,13.34,34758600
1155,"Oct 04, 2017",13.31,13.50,13.15,13.31,13.31,42303200
1156,"Oct 03, 2017",12.73,13.48,12.70,13.42,13.42,85174000
1157,"Oct 02, 2017",12.80,12.85,12.62,12.71,12.71,34461100
1158,"Sep 29, 2017",12.77,12.82,12.60,12.75,12.75,33926900
1159,"Sep 28, 2017",12.76,12.84,12.55,12.74,12.74,35812300
1160,"Sep 27, 2017",12.65,12.87,12.50,12.74,12.74,59947200
1161,"Sep 26, 2017",12.85,12.93,12.43,12.45,12.45,68302000
1162,"Sep 25, 2017",13.25,13.28,12.49,12.61,12.61,84172200
1163,"Sep 22, 2017",13.20,13.40,13.12,13.30,13.30,50547000
1164,"Sep 21, 2017",14.00,14.24,13.32,13.41,13.41,166821900
1165,"Sep 20, 2017",13.07,13.80,12.80,13.74,13.74,102682400
1166,"Sep 19, 2017",13.25,13.29,12.88,13.12,13.12,65455200
1167,"Sep 18, 2017",12.77,13.30,12.74,13.08,13.08,83517400
1168,"Sep 15, 2017",12.33,12.66,12.31,12.52,12.52,50337400
1169,"Sep 14, 2017",12.15,12.46,12.11,12.26,12.26,37220200
1170,"Sep 13, 2017",12.22,12.36,12.12,12.22,12.22,37210700
1171,"Sep 12, 2017",12.66,12.68,12.21,12.30,12.30,54413100
1172,"Sep 11, 2017",12.46,12.74,12.40,12.55,12.55,43346100
1173,"Sep 08, 2017",12.57,12.61,12.04,12.25,12.25,60886200
1174,"Sep 07, 2017",12.84,12.94,12.60,12.63,12.63,35816900
1175,"Sep 06, 2017",13.02,13.08,12.75,12.86,12.86,34182400
1176,"Sep 05, 2017",12.88,13.18,12.65,12.92,12.92,51445500
1177,"Sep 01, 2017",13.12,13.49,13.04,13.19,13.19,53158600
1178,"Aug 31, 2017",12.82,13.16,12.79,13.00,13.00,51822100
1179,"Aug 30, 2017",12.19,12.68,12.16,12.67,12.67,43933000
1180,"Aug 29, 2017",12.00,12.18,11.93,12.15,12.15,33618100
1181,"Aug 28, 2017",12.53,12.55,12.16,12.23,12.23,35969600
1182,"Aug 25, 2017",12.51,12.57,12.25,12.43,12.43,29732000
1183,"Aug 24, 2017",12.69,12.71,12.39,12.50,12.50,37269700
1184,"Aug 23, 2017",12.00,12.54,11.95,12.48,12.48,44345400
1185,"Aug 22, 2017",12.20,12.33,12.10,12.17,12.17,39033200
1186,"Aug 21, 2017",12.42,12.42,11.86,12.05,12.05,58888500
1187,"Aug 18, 2017",12.43,12.56,12.25,12.37,12.37,37521700
1188,"Aug 17, 2017",12.46,12.65,12.32,12.34,12.34,47371000
1189,"Aug 16, 2017",13.17,13.19,12.52,12.63,12.63,64639400
1190,"Aug 15, 2017",13.01,13.14,12.75,13.02,13.02,57990300
1191,"Aug 14, 2017",12.58,12.85,12.58,12.76,12.76,64426100
1192,"Aug 11, 2017",12.04,12.39,11.88,12.23,12.23,63558800
1193,"Aug 10, 2017",12.70,12.92,12.11,12.12,12.12,83113400
1194,"Aug 09, 2017",12.76,12.89,12.54,12.83,12.83,58861500
1195,"Aug 08, 2017",13.48,13.55,13.08,13.11,13.11,47338000
1196,"Aug 07, 2017",13.33,13.57,13.27,13.43,13.43,57486800
1197,"Aug 04, 2017",13.20,13.36,13.02,13.12,13.12,64254000
1198,"Aug 03, 2017",13.42,13.52,13.08,13.24,13.24,52557400
1199,"Aug 02, 2017",13.81,13.93,13.12,13.37,13.37,67502200
1200,"Aug 01, 2017",13.72,13.86,13.45,13.71,13.71,49149900
1201,"Jul 31, 2017",14.09,14.22,13.47,13.61,13.61,69108700
1202,"Jul 28, 2017",13.85,14.10,13.68,13.95,13.95,66763800
1203,"Jul 27, 2017",14.99,15.04,13.70,14.12,14.12,130303700
1204,"Jul 26, 2017",15.13,15.65,14.40,14.76,14.76,236083000
1205,"Jul 25, 2017",14.29,14.32,13.87,14.11,14.11,98047400
1206,"Jul 24, 2017",14.00,14.44,13.97,14.16,14.16,71014900
1207,"Jul 21, 2017",13.70,14.05,13.62,13.88,13.88,51045700
1208,"Jul 20, 2017",13.61,13.89,13.45,13.80,13.80,47707500
1209,"Jul 19, 2017",13.62,13.74,13.41,13.55,13.55,51957800
1210,"Jul 18, 2017",13.29,13.53,13.15,13.48,13.48,78366500
1211,"Jul 17, 2017",14.03,14.12,13.51,13.80,13.80,71690800
1212,"Jul 14, 2017",13.46,13.93,13.32,13.92,13.92,82084600
1213,"Jul 13, 2017",14.33,14.49,13.43,13.53,13.53,111656900
1214,"Jul 12, 2017",14.17,14.39,13.96,14.29,14.29,78508400
1215,"Jul 11, 2017",13.77,14.10,13.62,13.89,13.89,71102300
1216,"Jul 10, 2017",13.61,13.88,13.27,13.81,13.81,78320200
1217,"Jul 07, 2017",13.27,13.75,13.18,13.36,13.36,88392100
1218,"Jul 06, 2017",12.94,13.32,12.67,13.02,13.02,88927800
1219,"Jul 05, 2017",12.36,13.21,12.32,13.19,13.19,99450200
1220,"Jul 03, 2017",12.57,12.73,12.13,12.15,12.15,39929100
1221,"Jun 30, 2017",12.57,12.83,12.36,12.48,12.48,59267400
1222,"Jun 29, 2017",13.06,13.15,12.45,12.60,12.60,87634400
1223,"Jun 28, 2017",13.65,13.70,13.09,13.23,13.23,85266900
1224,"Jun 27, 2017",13.76,14.04,13.37,13.40,13.40,89319700
1225,"Jun 26, 2017",14.39,14.49,13.84,14.08,14.08,101012500
1226,"Jun 23, 2017",14.15,14.67,13.90,14.17,14.17,200777300
1227,"Jun 22, 2017",14.10,14.50,13.56,14.38,14.38,149594200
1228,"Jun 21, 2017",13.36,14.01,13.13,13.98,13.98,188796100
1229,"Jun 20, 2017",12.19,12.93,12.18,12.64,12.64,118001500
1230,"Jun 19, 2017",11.63,12.12,11.62,11.93,11.93,61803600
1231,"Jun 16, 2017",11.66,11.83,11.28,11.44,11.44,59779500
1232,"Jun 15, 2017",11.34,11.58,11.21,11.50,11.50,61666000
1233,"Jun 14, 2017",11.91,12.05,11.65,11.77,11.77,51909400
1234,"Jun 13, 2017",12.33,12.48,11.67,11.96,11.96,87302300
1235,"Jun 12, 2017",11.75,12.35,11.27,12.09,12.09,125781800
1236,"Jun 09, 2017",13.10,13.40,11.63,12.28,12.28,167454400
1237,"Jun 08, 2017",12.81,12.91,12.40,12.90,12.90,89515100
1238,"Jun 07, 2017",12.42,12.96,12.23,12.38,12.38,151005900
1239,"Jun 06, 2017",11.27,12.24,11.24,12.03,12.03,114998600
1240,"Jun 05, 2017",10.84,11.34,10.80,11.24,11.24,66207300
1241,"Jun 02, 2017",10.93,10.96,10.57,10.90,10.90,43056200
1242,"Jun 01, 2017",11.25,11.29,10.81,10.93,10.93,48002000
1243,"May 31, 2017",11.29,11.49,11.10,11.19,11.19,42929000
1244,"May 30, 2017",10.95,11.27,10.90,11.12,11.12,35339000
1245,"May 26, 2017",10.85,11.02,10.74,11.00,11.00,31907600
1246,"May 25, 2017",11.01,11.01,10.80,10.98,10.98,33584300
1247,"May 24, 2017",11.05,11.06,10.71,10.89,10.89,42903900
1248,"May 23, 2017",10.97,11.06,10.62,10.89,10.89,49799600
1249,"May 22, 2017",11.49,11.55,10.77,11.04,11.04,78696400
1250,"May 19, 2017",11.47,11.62,11.35,11.41,11.41,50319700
1251,"May 18, 2017",10.99,11.49,10.81,11.28,11.28,86900100
1252,"May 17, 2017",11.81,12.29,11.16,11.20,11.20,160109500
1253,"May 16, 2017",11.66,12.77,11.63,12.75,12.75,164186900
1254,"May 15, 2017",11.41,11.60,11.30,11.42,11.42,52565000
1255,"May 12, 2017",11.20,11.40,11.08,11.26,11.26,56072600
1256,"May 11, 2017",10.74,11.26,10.51,11.07,11.07,72946500
1257,"May 10, 2017",10.46,10.85,10.45,10.79,10.79,65995900
1258,"May 09, 2017",10.04,10.40,10.04,10.18,10.18,51017300
1259,"May 08, 2017",10.22,10.22,10.00,10.04,10.04,35101100
1260,"May 05, 2017",10.13,10.26,9.94,10.19,10.19,51759000
1261,"May 04, 2017",10.55,10.55,9.94,10.10,10.10,77031400
1262,"May 03, 2017",10.29,10.68,9.85,10.39,10.39,140899400
1263,"May 02, 2017",11.73,11.76,10.30,10.32,10.32,268336500
1264,"May 01, 2017",13.43,13.63,13.25,13.62,13.62,68036300
1265,"Apr 28, 2017",13.73,13.76,13.16,13.30,13.30,50376000
1266,"Apr 27, 2017",13.43,13.70,13.37,13.62,13.62,31327600
1267,"Apr 26, 2017",13.42,13.53,13.22,13.41,13.41,36644500
1268,"Apr 25, 2017",13.24,13.53,13.16,13.49,13.49,35881000
1269,"Apr 24, 2017",13.23,13.23,13.05,13.13,13.13,36120300
1270,"Apr 21, 2017",13.08,13.12,12.90,13.00,13.00,25689600
1271,"Apr 20, 2017",12.98,13.15,12.88,13.11,13.11,41976100
1272,"Apr 19, 2017",13.09,13.21,12.80,12.84,12.84,36491100
1273,"Apr 18, 2017",12.63,12.97,12.58,12.95,12.95,37172000
1274,"Apr 17, 2017",12.53,12.80,12.37,12.79,12.79,38188200
1275,"Apr 13, 2017",12.51,12.72,12.22,12.31,12.31,53442600
1276,"Apr 12, 2017",12.94,13.10,12.74,12.76,12.76,37385400
1277,"Apr 11, 2017",13.02,13.29,12.71,13.10,13.10,59916600
1278,"Apr 10, 2017",13.52,13.59,13.04,13.10,13.10,47178000
1279,"Apr 07, 2017",13.33,13.68,13.22,13.52,13.52,70441000
1280,"Apr 06, 2017",13.42,13.46,12.83,13.27,13.27,139500100
1281,"Apr 05, 2017",14.28,14.64,14.10,14.17,14.17,58816700
1282,"Apr 04, 2017",14.31,14.67,14.03,14.16,14.16,58413000
1283,"Apr 03, 2017",14.60,14.74,14.30,14.64,14.64,48423700
1284,"Mar 31, 2017",14.10,14.75,14.01,14.55,14.55,84566200
1285,"Mar 30, 2017",13.73,14.05,13.65,14.05,14.05,44132800
1286,"Mar 29, 2017",13.74,13.87,13.63,13.71,13.71,37863500
1287,"Mar 28, 2017",13.75,13.86,13.55,13.69,13.69,37420200
1288,"Mar 27, 2017",13.35,13.78,13.21,13.70,13.70,42686800
1289,"Mar 24, 2017",14.16,14.18,13.54,13.70,13.70,50099500
1290,"Mar 23, 2017",13.96,14.12,13.77,13.79,13.79,44549900
1291,"Mar 22, 2017",13.70,14.15,13.55,14.10,14.10,61239500
1292,"Mar 21, 2017",14.40,14.49,13.78,13.82,13.82,72552700
1293,"Mar 20, 2017",13.68,14.50,13.54,14.40,14.40,91565600
1294,"Mar 17, 2017",13.62,13.74,13.36,13.49,13.49,224892300
1295,"Mar 16, 2017",13.79,13.88,13.65,13.65,13.65,44494800
1296,"Mar 15, 2017",14.03,14.06,13.62,13.98,13.98,55179600
1297,"Mar 14, 2017",14.00,14.15,13.64,14.10,14.10,52554500
1298,"Mar 13, 2017",14.48,14.68,14.18,14.28,14.28,73078100
1299,"Mar 10, 2017",13.50,13.93,13.45,13.91,13.91,65142200
1300,"Mar 09, 2017",13.45,13.45,13.11,13.33,13.33,45244200
1301,"Mar 08, 2017",13.25,13.55,13.10,13.22,13.22,71294700
1302,"Mar 07, 2017",13.07,13.37,12.79,13.05,13.05,76666300
1303,"Mar 06, 2017",13.00,13.34,12.38,13.04,13.04,117192600
1304,"Mar 03, 2017",13.55,13.58,12.79,13.03,13.03,163395900
1305,"Mar 02, 2017",14.59,14.78,13.87,13.90,13.90,104330900
1306,"Mar 01, 2017",15.08,15.09,14.52,14.96,14.96,73450400
1307,"Feb 28, 2017",15.45,15.55,14.35,14.46,14.46,141783000
1308,"Feb 27, 2017",14.27,15.35,14.27,15.20,15.20,95422900
1309,"Feb 24, 2017",14.00,14.32,13.86,14.12,14.12,46288600
1310,"Feb 23, 2017",14.20,14.45,13.82,14.32,14.32,80317600
1311,"Feb 22, 2017",14.30,14.50,14.04,14.28,14.28,71505000
1312,"Feb 21, 2017",13.41,14.10,13.40,14.00,14.00,66357100
1313,"Feb 17, 2017",12.79,13.14,12.60,13.13,13.13,40888000
1314,"Feb 16, 2017",13.25,13.35,12.84,12.97,12.97,52502500
1315,"Feb 15, 2017",13.20,13.44,13.15,13.30,13.30,33722300
1316,"Feb 14, 2017",13.43,13.49,13.19,13.26,13.26,40479100
1317,"Feb 13, 2017",13.70,13.95,13.38,13.49,13.49,57413100
1318,"Feb 10, 2017",13.86,13.86,13.25,13.58,13.58,54579300
1319,"Feb 09, 2017",13.78,13.89,13.40,13.42,13.42,73339900
1320,"Feb 08, 2017",13.21,13.75,13.08,13.56,13.56,75942900
1321,"Feb 07, 2017",14.05,14.27,13.06,13.29,13.29,158683800
1322,"Feb 06, 2017",12.46,13.70,12.38,13.63,13.63,140474100
1323,"Feb 03, 2017",12.37,12.50,12.04,12.24,12.24,60036700
1324,"Feb 02, 2017",11.98,12.66,11.95,12.28,12.28,116324500
1325,"Feb 01, 2017",10.90,12.14,10.81,12.06,12.06,165939300
1326,"Jan 31, 2017",10.60,10.67,10.22,10.37,10.37,53704900
1327,"Jan 30, 2017",10.62,10.68,10.30,10.61,10.61,37725000
1328,"Jan 27, 2017",10.60,10.73,10.52,10.67,10.67,32719200
1329,"Jan 26, 2017",10.35,10.66,10.30,10.52,10.52,35866600
1330,"Jan 25, 2017",10.74,10.98,10.15,10.35,10.35,61778100
1331,"Jan 24, 2017",9.95,10.49,9.95,10.44,10.44,43991200
1332,"Jan 23, 2017",9.68,10.06,9.68,9.91,9.91,27905700
1333,"Jan 20, 2017",9.88,9.96,9.67,9.75,9.75,27982100
1334,"Jan 19, 2017",9.92,10.25,9.75,9.77,9.77,46151300
1335,"Jan 18, 2017",9.54,10.10,9.42,9.88,9.88,51797600
1336,"Jan 17, 2017",10.17,10.23,9.78,9.82,9.82,70491800
1337,"Jan 13, 2017",10.79,10.87,10.56,10.58,10.58,38377500
1338,"Jan 12, 2017",10.98,11.04,10.33,10.76,10.76,75244100
1339,"Jan 11, 2017",11.39,11.41,11.15,11.20,11.20,39377000
1340,"Jan 10, 2017",11.55,11.63,11.33,11.44,11.44,29201600
1341,"Jan 09, 2017",11.37,11.64,11.31,11.49,11.49,37304800
1342,"Jan 06, 2017",11.29,11.49,11.11,11.32,11.32,34453500
1343,"Jan 05, 2017",11.43,11.69,11.23,11.24,11.24,38855200
1344,"Jan 04, 2017",11.45,11.52,11.24,11.43,11.43,40781200
1345,"Jan 03, 2017",11.42,11.65,11.02,11.43,11.43,55182000
1346,"Dec 30, 2016",11.70,11.78,11.25,11.34,11.34,44095400
1347,"Dec 29, 2016",11.24,11.62,11.01,11.59,11.59,50234300
1348,"Dec 28, 2016",12.28,12.42,11.46,11.55,11.55,71254500
1349,"Dec 27, 2016",11.65,12.08,11.60,12.07,12.07,44336500
1350,"Dec 23, 2016",11.30,11.60,11.26,11.58,11.58,32288200
1351,"Dec 22, 2016",11.65,11.75,11.47,11.60,11.60,36450800
1352,"Dec 21, 2016",11.61,11.72,11.31,11.47,11.47,44814100
1353,"Dec 20, 2016",11.19,11.51,11.15,11.51,11.51,59314200
1354,"Dec 19, 2016",10.81,11.00,10.52,10.95,10.95,46085800
1355,"Dec 16, 2016",10.94,11.23,10.60,10.66,10.66,77777700
1356,"Dec 15, 2016",10.68,10.93,10.64,10.86,10.86,48871300
1357,"Dec 14, 2016",10.43,10.74,10.27,10.55,10.55,46968600
1358,"Dec 13, 2016",10.75,10.80,10.40,10.54,10.54,46967800
1359,"Dec 12, 2016",10.40,10.93,10.38,10.68,10.68,63342900
1360,"Dec 09, 2016",10.38,10.54,9.87,10.34,10.34,60600800
1361,"Dec 08, 2016",9.90,10.66,9.80,10.34,10.34,104613000
1362,"Dec 07, 2016",9.65,9.79,9.24,9.56,9.56,54897300
1363,"Dec 06, 2016",8.95,9.54,8.82,9.45,9.45,92242900
1364,"Dec 05, 2016",8.69,8.71,8.45,8.68,8.68,31410100
1365,"Dec 02, 2016",8.38,8.74,8.38,8.53,8.53,42398900
1366,"Dec 01, 2016",8.92,9.03,8.26,8.39,8.39,56682400
1367,"Nov 30, 2016",9.02,9.12,8.90,8.91,8.91,36511900
1368,"Nov 29, 2016",9.00,9.23,8.85,8.93,8.93,54831400
1369,"Nov 28, 2016",8.72,8.98,8.72,8.83,8.83,25907800
1370,"Nov 25, 2016",8.80,8.91,8.69,8.77,8.77,14214100
1371,"Nov 23, 2016",8.72,8.86,8.50,8.80,8.80,34646000
1372,"Nov 22, 2016",9.05,9.06,8.54,8.69,8.69,71312800
1373,"Nov 21, 2016",8.87,9.22,8.86,8.94,8.94,65595900
1374,"Nov 18, 2016",8.68,8.83,8.40,8.71,8.71,62336200
1375,"Nov 17, 2016",7.79,8.77,7.77,8.46,8.46,124235500
1376,"Nov 16, 2016",7.09,7.75,7.07,7.67,7.67,78083200
1377,"Nov 15, 2016",6.82,7.08,6.79,6.97,6.97,28909400
1378,"Nov 14, 2016",6.83,6.84,6.61,6.79,6.79,29596400
1379,"Nov 11, 2016",6.64,6.69,6.47,6.69,6.69,39492200
1380,"Nov 10, 2016",6.82,6.91,6.22,6.30,6.30,71749500
1381,"Nov 09, 2016",6.70,7.05,6.64,6.94,6.94,38479500
1382,"Nov 08, 2016",6.85,7.18,6.75,7.00,7.00,37728500
1383,"Nov 07, 2016",6.79,6.99,6.76,6.96,6.96,36999200
1384,"Nov 04, 2016",6.69,6.72,6.46,6.56,6.56,32215700
1385,"Nov 03, 2016",6.78,6.79,6.56,6.70,6.70,33673600
1386,"Nov 02, 2016",7.03,7.06,6.67,6.76,6.76,33852200
1387,"Nov 01, 2016",7.32,7.43,6.92,7.09,7.09,39906900
1388,"Oct 31, 2016",7.24,7.46,7.20,7.23,7.23,42345900
1389,"Oct 28, 2016",7.10,7.53,7.02,7.20,7.20,77261300
1390,"Oct 27, 2016",7.44,7.46,7.10,7.11,7.11,37804200
1391,"Oct 26, 2016",7.40,7.48,7.26,7.29,7.29,47619300
1392,"Oct 25, 2016",6.90,7.50,6.87,7.50,7.50,78862000
1393,"Oct 24, 2016",6.57,7.01,6.54,7.01,7.01,52998400
1394,"Oct 21, 2016",6.50,6.65,6.37,6.52,6.52,64243500
1395,"Oct 20, 2016",6.81,6.98,6.77,6.96,6.96,64607500
1396,"Oct 19, 2016",6.70,6.80,6.57,6.77,6.77,29420200
1397,"Oct 18, 2016",6.76,6.89,6.69,6.73,6.73,25314800
1398,"Oct 17, 2016",6.92,6.97,6.64,6.67,6.67,24261500
1399,"Oct 14, 2016",6.92,7.12,6.74,6.75,6.75,66934400
